Company ID,Company Name,Company Domain Name,Industry,Number of Employees,Annual Revenue,Phone Number,Website,Street Address,City,State/Region,Postal Code,Country,Create Date,Last Modified Date,Company Owner
COMP-5880f9ce-fd33-495e-850e-9df673591c52,Cruz Inc,flowers.net,Technology,9395,873607.15,831.605.2433x72946,https://flowers.net,669 Wagner Gateway,North Christineview,UT,75424,Comoros,2024-01-02,2024-01-09,dwight.schrute@example.com
COMP-ba8908c0-43dc-42a8-9c17-6618b986b37b,Davis-Chang,holmes-navarro.biz,Non-profit,4199,30024968.0,+1-781-948-6348x4026,https://holmes-navarro.biz,75221 Brown Land,Lake David,MN,16995,Haiti,2025-02-01,2025-03-08,michael.scott@example.com
COMP-6540fc96-fd57-4f46-be1f-60a90b2933ac,"Scott, Murray and Thomas",santiago-aguilar.com,Professional Services,3406,41636134.98,825.837.2432,https://santiago-aguilar.com,3251 Ball Overpass Suite 411,Port Ricky,CT,48594,Guinea-Bissau,2022-04-14,2023-03-24,pam.beesly@example.com
COMP-19100d36-7df9-4c25-a346-e7e2be84f789,Kelley-Johnson,martin.info,Healthcare,2665,35157294.43,+1-786-298-5227x7505,https://martin.info,0312 Miller Isle Apt. 570,New Aaron,MD,96579,United States Minor Outlying Islands,2024-03-15,2025-02-19,jim.halpert@example.com
COMP-31fa3068-b673-49e7-a8c0-244f82da6da5,Thompson Group,stokes.com,Retail,4039,43086763.57,886.402.9280,https://stokes.com,82652 Isaac Stream,Antonioberg,HI,69270,Palestinian Territory,2023-09-05,2023-11-15,angela.martin@example.com
COMP-f39ab657-6395-47cc-a612-348e389b13f7,"Fox, Ferrell and Diaz",smith.com,Other,9568,7303825.57,001-293-787-5966,https://smith.com,27280 Pamela Wells Apt. 512,New Connormouth,NJ,17518,Philippines,2023-08-07,2025-04-09,dwight.schrute@example.com
COMP-501b503a-bc60-4ec2-8f16-53dc47406b34,Shaw-Hill,daniels.info,Manufacturing,2870,27198798.03,594.347.0579,https://daniels.info,950 Conway Branch,Nguyenfurt,GA,87316,Jersey,2022-07-17,2024-11-12,michael.scott@example.com
COMP-fb3de6db-da2e-4d6f-b30b-7b50af47f613,Adams-Thomas,wright.com,Other,9517,20620393.6,001-256-580-6551,https://wright.com,69025 Michael Estates,Kristatown,RI,44856,Central African Republic,2024-02-13,2024-11-26,pam.beesly@example.com
COMP-099c1582-b4a5-41a9-b90a-3fc001622ab3,Walker-Nguyen,bradley-bowman.net,Other,7002,1888215.41,+1-817-680-3660x43342,https://bradley-bowman.net,2067 Stephanie Lodge Apt. 752,Joneschester,KS,81111,Trinidad and Tobago,2024-09-26,2024-09-28,jim.halpert@example.com
COMP-e7a37c54-cb58-4866-955d-ff3b09fe11d8,"Mason, Adams and Powell",hicks-lawrence.com,Other,9907,25168710.66,(501)255-0187,https://hicks-lawrence.com,657 Gibson Centers,Nathanielside,TN,10358,Central African Republic,2022-03-08,2024-01-03,angela.martin@example.com
COMP-c1ee21e4-4797-4f6c-b485-8b358fb6b683,Smith-Jones,jones.net,Professional Services,266,11808691.22,513-502-4717x07088,https://jones.net,83905 Stone Ways Suite 372,South Alex,LA,36318,Cook Islands,2023-07-09,2023-11-06,dwight.schrute@example.com
COMP-9a846988-e548-4f0d-b202-9a92567ced80,Scott-Morris,benson-johnson.org,Manufacturing,4287,9779917.82,600-521-3609x217,https://benson-johnson.org,3398 Kimberly Street,Paulfort,ND,93707,Trinidad and Tobago,2023-09-02,2024-09-09,michael.scott@example.com
COMP-43b82b3d-53a3-4f83-9ffd-59841c9b2950,"Scott, West and Bell",morton.com,Technology,6951,30287435.66,539-766-7496x469,https://morton.com,626 Howell Mission,Justinshire,MP,23735,Syrian Arab Republic,2024-07-21,2024-12-29,pam.beesly@example.com
COMP-0616a67f-7f78-4c80-94d0-2aed7da6d2cf,"Watkins, Lutz and Horn",cross.com,Education,3424,19928157.14,001-796-357-4089x1571,https://cross.com,98728 Charles Track,Wilsontown,FL,43907,Norway,2022-01-22,2022-05-06,jim.halpert@example.com
COMP-ee8aef7b-aa77-43f4-b088-e932e50a9110,"Cook, Molina and Gray",perry-pearson.com,Education,7406,26311735.34,+1-570-409-7350x28570,https://perry-pearson.com,43056 Steven Camp,Port Craigport,KS,59952,Central African Republic,2023-07-11,2023-09-02,angela.martin@example.com
COMP-8b68f3da-49e5-4769-bbe2-8d1cec7059c5,"Alvarez, Roberts and Brooks",smith.org,Healthcare,1926,46839773.76,321-291-3970x33348,https://smith.org,7341 Shannon Harbors Suite 636,Cunninghamland,NH,45296,Colombia,2022-07-23,2025-01-23,dwight.schrute@example.com
COMP-26584709-04d0-4c81-aa8c-96440016258a,"Ramirez, Greene and Owens",elliott-gray.com,Technology,9417,19269517.31,(981)493-0151x3251,https://elliott-gray.com,63546 Martin Gardens,Hawkinsborough,SD,61999,Suriname,2023-06-17,2024-09-29,michael.scott@example.com
COMP-480297fd-0336-4fff-9865-9da34003598e,Hall-Richmond,johnson.net,Education,422,1137464.26,857-360-6773x46255,https://johnson.net,2524 Wood Shoals Apt. 603,East Christopher,DC,49328,Cote d'Ivoire,2023-03-09,2024-11-09,pam.beesly@example.com
COMP-30ee2524-8c9a-40b6-a8f8-2d7d95549eab,"Wyatt, Weaver and Foster",rodgers.com,Education,2276,31196215.17,562-883-6009x74153,https://rodgers.com,05916 Matthew Forks,West Garybury,NJ,38987,Thailand,2023-04-24,2023-05-14,jim.halpert@example.com
COMP-1ceefcff-3048-4370-991b-c037112abc7b,Sanchez-Snyder,miranda-west.com,Other,6211,3877660.45,932-447-8176x50309,https://miranda-west.com,458 Allen Views Suite 019,North Mistyberg,PA,68508,Niue,2024-05-15,2024-07-25,angela.martin@example.com
COMP-5f0d055b-2d86-4bf1-9d34-0ed196ae5306,Howard and Sons,rodriguez.biz,Professional Services,2882,9782960.29,+1-614-441-5020x0241,https://rodriguez.biz,7691 Kathleen Brooks Apt. 079,North Anna,MT,55570,Cambodia,2024-03-18,2024-07-05,dwight.schrute@example.com
COMP-146d6b25-8f3b-4864-a612-4abb45001609,Boyer-Carr,carter.org,Education,6745,33679648.96,+1-377-898-7370x391,https://carter.org,7943 Jones Ville,Jeremystad,WV,22784,Korea,2024-07-06,2025-04-27,michael.scott@example.com
COMP-39b24185-c114-4be2-81a1-116386fb0b50,Mills Inc,perkins-davis.net,Healthcare,6194,12807574.26,692-844-7623x2366,https://perkins-davis.net,5159 Teresa Fort Suite 230,Martineztown,PR,08420,Solomon Islands,2024-09-13,2024-09-28,pam.beesly@example.com
COMP-24020cc8-bfde-48ea-8d9c-b3bc7b011927,"Hughes, Gardner and Marshall",franklin.com,Non-profit,9997,35814447.98,+1-425-516-4894x4363,https://franklin.com,56294 Dwayne Light Apt. 414,South Gregorystad,SC,28261,Cote d'Ivoire,2023-04-14,2025-02-02,jim.halpert@example.com
COMP-fbe28cee-0ef1-4b3a-95dc-83554262e0d1,Banks LLC,harris.net,Technology,4562,48052961.6,977-310-5713x564,https://harris.net,236 Armstrong Manor,West Erinfort,PW,87833,Latvia,2023-03-20,2023-11-13,angela.martin@example.com
COMP-0c3aa4ad-837d-4990-a90f-a95a4c563840,Mitchell-James,allen.com,Technology,7417,31389079.21,(873)301-0613x74087,https://allen.com,118 Williamson Place Suite 303,Port Marc,VI,67283,Somalia,2024-03-30,2024-04-19,dwight.schrute@example.com
COMP-1fcbde28-fc17-4a6e-8c11-732ba962e48a,Castro LLC,archer.com,Professional Services,2538,11063124.08,+1-830-383-2689x0815,https://archer.com,00630 Amanda Plains Apt. 385,Aliciaberg,MH,02368,Yemen,2025-04-04,2025-04-21,michael.scott@example.com
COMP-f9eb9d7e-6c7d-4084-932c-9be47c292eee,Massey Inc,wilson.biz,Technology,8440,34810068.02,980.709.0915,https://wilson.biz,12414 Tyler Stream,West Paul,ID,13594,Christmas Island,2024-07-20,2024-11-14,pam.beesly@example.com
COMP-b3f0d492-2572-45e2-9157-31313fa52616,"Smith, Brown and Mendoza",howell.org,Retail,4313,30037885.85,001-341-385-5656x2583,https://howell.org,12079 Lawrence Crescent Apt. 266,South Jared,CO,10836,Colombia,2022-04-01,2023-06-11,jim.halpert@example.com
COMP-b55e838f-17f8-4e51-8b6e-cd63a3e6e850,Charles-Fox,watkins-miller.biz,Non-profit,5339,6223025.48,001-500-300-7143,https://watkins-miller.biz,6478 Heath Meadow,West Stephaniechester,DE,63557,Bhutan,2023-06-21,2025-04-05,angela.martin@example.com
COMP-87431516-3ca8-452e-99d2-f8760bcbf693,Jones-Richardson,garcia.org,Non-profit,9077,40463351.83,(647)276-4379x199,https://garcia.org,93116 Hansen Stream,Lewismouth,CT,92959,Uganda,2025-04-25,2025-05-02,dwight.schrute@example.com
COMP-d0fddc79-13f0-4b0e-a423-e9c901f6c9a1,Zamora LLC,glass-arnold.com,Other,8818,7772974.31,617-506-4970x428,https://glass-arnold.com,83099 Macias Trace,Jorgeton,MS,44924,Cameroon,2022-11-13,2024-06-26,michael.scott@example.com
COMP-34cd3653-5d6a-43c3-b6b8-43ee84ca2d06,Chaney and Sons,patterson.net,Manufacturing,9971,14375487.21,2535692863,https://patterson.net,357 David Isle Apt. 825,North Nicolebury,DC,07511,Maldives,2024-10-01,2024-11-22,pam.beesly@example.com
COMP-3c82e5e8-5db8-42f6-989a-284a21385a01,Frye-Key,palmer.com,Manufacturing,4558,25180746.45,(536)896-2734,https://palmer.com,92703 Murphy Ramp Apt. 528,East Kathy,NM,06719,Algeria,2023-12-13,2024-05-05,jim.halpert@example.com
COMP-f705bd4b-fe40-4616-8457-395757100f0c,Turner and Sons,sosa.net,Non-profit,6104,36127320.5,555.397.4939x099,https://sosa.net,05054 Angela Circle Suite 283,Fryechester,IA,34981,Malta,2022-09-14,2023-01-02,angela.martin@example.com
COMP-b7d4cd6d-6359-4b37-bdd2-aa3b7d0b2f03,Romero-Davila,gutierrez.com,Professional Services,9788,30858016.89,459-253-4902x86840,https://gutierrez.com,4729 Mcmahon Highway Apt. 552,Lake Tracey,NV,13604,Russian Federation,2022-07-16,2023-04-21,dwight.schrute@example.com
COMP-ad4ab2ff-da7c-4c78-98b2-7ee9ab824e87,"Owens, Jenkins and Mcdaniel",bell-marshall.info,Retail,5927,37478426.06,970-458-9678x604,https://bell-marshall.info,78590 Judy Circles Apt. 919,New Jenniferbury,TX,55570,Myanmar,2022-11-16,2023-02-04,michael.scott@example.com
COMP-29bca222-aec9-4f6d-bd8c-df9841a15e05,"Scott, Black and Washington",chavez.net,Manufacturing,8550,16477375.5,001-216-310-8255x42146,https://chavez.net,56685 Patrick Trace,Nicholasmouth,MI,57854,Suriname,2023-08-15,2024-09-06,pam.beesly@example.com
COMP-4de72f98-fee6-4cc4-b71b-1d67be0a8245,Cooper-Moore,hall.com,Other,1380,35480277.09,001-758-868-0056x313,https://hall.com,1011 Sarah Plaza Apt. 244,South Michaelmouth,AZ,84371,Uzbekistan,2024-12-08,2025-01-21,jim.halpert@example.com
COMP-9229f585-4c08-4b0a-85f6-618289a339dd,Thompson PLC,olson.com,Finance,8552,46316165.5,+1-641-966-5399x9289,https://olson.com,6355 Banks Course,East Megan,NY,47882,Tanzania,2023-05-16,2023-06-12,angela.martin@example.com
COMP-f1d29309-9ff4-4e9f-b2d7-efd1c28876e2,"Myers, Garza and Estrada",perry-brown.com,Professional Services,4199,43072820.71,001-723-463-2674,https://perry-brown.com,6307 Lopez Island Apt. 342,Lewisland,MS,47171,Saint Helena,2023-01-14,2023-12-20,dwight.schrute@example.com
COMP-f2db5b4c-5c7b-4753-aa42-509c815c1033,"Vang, Ramirez and Fields",wallace-griffith.biz,Finance,7283,47104171.62,570.773.2392x757,https://wallace-griffith.biz,8951 Crystal Well,South Alexanderville,VT,18038,Sudan,2022-03-08,2022-08-22,michael.scott@example.com
COMP-6e9f30ad-0a80-41cc-ab6c-ed6b7aec42f6,Zimmerman Group,nichols-ramirez.com,Education,3170,7691254.36,001-545-607-0237,https://nichols-ramirez.com,177 Ramos Overpass,North Jessicafort,LA,15758,Cocos (Keeling) Islands,2024-01-30,2024-04-06,pam.beesly@example.com
COMP-292327f8-9e85-4d8e-a26d-a9368ce20d86,Lewis-Shelton,warren-wright.net,Non-profit,1339,5591766.17,001-958-457-4123x0116,https://warren-wright.net,43335 Young Fields,South Sharonmouth,VI,75982,Ethiopia,2022-03-25,2024-06-20,jim.halpert@example.com
COMP-c0b3782a-1dd4-403d-be0b-fe85a9d1f99d,"Garcia, Tucker and Jones",nichols.net,Finance,8631,48298346.0,242.626.5849,https://nichols.net,41544 Janet Inlet,Shanehaven,NC,17240,Luxembourg,2023-08-16,2024-06-07,angela.martin@example.com
COMP-0201f860-57c7-4642-9276-e04f5c4ee356,Pugh-Sanchez,foster.com,Technology,5934,28318227.06,9114462706,https://foster.com,57555 Nicole Road Suite 730,Lake Bethanychester,WI,67837,Mozambique,2023-10-08,2024-07-30,dwight.schrute@example.com
COMP-f00bb477-5d7a-447c-9b06-56f74be62489,Terrell-Bernard,zuniga.biz,Professional Services,5037,3426252.83,001-274-399-3827,https://zuniga.biz,4558 Sherri Place Suite 840,Dannybury,RI,72463,Tokelau,2023-06-09,2024-09-22,michael.scott@example.com
COMP-c067bfa5-e702-44cc-896e-92ff09d6fc38,"Jones, Johnson and Morgan",padilla-reyes.com,Technology,4905,30523766.85,(401)805-7281,https://padilla-reyes.com,32110 James Spur Apt. 617,New Tonya,VT,07092,Finland,2023-12-13,2024-08-29,pam.beesly@example.com
COMP-180d3190-7758-4f90-b81b-d70e32718958,Russo Ltd,weber.com,Professional Services,7837,991679.42,001-415-515-9320x8497,https://weber.com,9550 Erik Hills Apt. 222,Johnmouth,OR,22438,Brunei Darussalam,2024-12-07,2024-12-23,jim.halpert@example.com
COMP-9732dc14-6ee3-401a-b804-3359ad6113cc,"Murphy, Steele and Velazquez",suarez.info,Technology,6776,28295593.24,+1-504-738-6439x74660,https://suarez.info,1286 Christopher Flats,South Robinchester,PA,14708,Guinea-Bissau,2022-11-26,2024-12-30,angela.martin@example.com
COMP-045f55c5-1859-4ec3-94d6-6a58423a8bc8,Yu-Williams,johnson-simmons.com,Healthcare,4002,37469075.3,711-652-4424x660,https://johnson-simmons.com,0185 Smith Streets Suite 637,South Crystal,NJ,55944,Korea,2023-09-07,2025-04-05,dwight.schrute@example.com
COMP-c963e3fc-0c2d-4c75-91cf-4238b630082a,English Inc,gibson.com,Finance,221,15599840.52,589-890-2374x49550,https://gibson.com,3538 Chelsea Terrace,East Julie,IN,06694,Sudan,2024-02-18,2024-08-31,michael.scott@example.com
COMP-44e2b2e9-7f0c-4d27-a102-e50547181aad,"Lopez, Flores and Simpson",morrison.com,Other,2837,34289907.3,(222)455-3914,https://morrison.com,07483 Diaz Pines,Alvaradoport,GU,11450,Equatorial Guinea,2022-05-21,2024-06-20,pam.beesly@example.com
COMP-044de5d2-4d1f-4165-943b-ff5334a7e1fe,Herrera-Ibarra,montgomery.net,Technology,9115,34147395.33,+1-976-322-8905,https://montgomery.net,239 Robert Divide,Rogershaven,MH,19095,Yemen,2022-10-04,2023-07-25,jim.halpert@example.com
COMP-bba0e297-3f0b-481f-aebd-ed677ffa250d,Owens Group,frazier.com,Finance,5113,40199902.47,870.970.5626,https://frazier.com,86194 Keith Gardens Apt. 772,Port Thomas,OK,32548,Svalbard & Jan Mayen Islands,2023-10-31,2023-11-04,angela.martin@example.com
COMP-c26785da-4047-4fcb-b9a0-24b003d3ee6b,Preston-Vasquez,campbell.com,Non-profit,1678,26214714.72,724.551.0702x5353,https://campbell.com,9966 Natalie Passage Suite 906,Morrisberg,MH,63714,Norfolk Island,2023-04-01,2024-07-23,dwight.schrute@example.com
COMP-8aa958b7-8a3a-48a0-8d2d-48dfa0d2b674,Rodriguez-Shepherd,chavez-morrison.com,Retail,385,19929939.53,(953)472-1728x915,https://chavez-morrison.com,8790 Blanchard Flat,West Jenna,NM,69950,Palau,2025-02-12,2025-04-18,michael.scott@example.com
COMP-b16d1464-3033-4ed9-9330-d2026b01ec4d,"Jackson, Harris and Hill",sanders.com,Non-profit,7428,2028328.1,316.517.2674x299,https://sanders.com,4845 Lisa Tunnel,Lake Jake,MH,32761,San Marino,2022-07-07,2025-02-03,pam.beesly@example.com
COMP-2f6ae6f6-6aba-48ee-a08b-8a2943bbc441,Jackson Inc,gardner-hodge.com,Manufacturing,4601,26279813.18,(299)672-9362x150,https://gardner-hodge.com,77253 Mendez Mill Suite 021,Christophershire,NJ,81473,Cyprus,2025-03-13,2025-03-24,jim.halpert@example.com
COMP-ee0aa2cf-23fb-4727-9543-c2eb9571c99f,Hess-Leblanc,duarte-thomas.com,Other,8892,16673966.54,809.432.5531x6109,https://duarte-thomas.com,435 Ashley Isle Suite 678,Reedbury,MN,37719,South Africa,2024-03-14,2025-02-28,angela.martin@example.com
COMP-c0795c34-1366-433b-a071-705f98ea9645,Richardson-Bullock,gaines.com,Manufacturing,6335,16475554.89,(326)539-9363,https://gaines.com,14820 Johnson Run Suite 854,Ambermouth,TX,85369,South Africa,2023-03-10,2025-04-07,dwight.schrute@example.com
COMP-82d49c17-2fd7-4b05-858c-6349594aa4c2,"Trujillo, Alvarez and Scott",moore.net,Professional Services,2302,9767638.64,+1-621-801-3882x3326,https://moore.net,520 Golden Lodge Suite 163,New Michael,NH,67401,Samoa,2023-10-03,2023-12-29,michael.scott@example.com
COMP-7d9791d5-7342-488b-a1e5-963620af5d96,King-Payne,luna.com,Healthcare,9001,28938929.82,883-824-3713x76626,https://luna.com,12043 Wright Throughway,Mccallborough,NE,98434,Benin,2023-05-24,2023-12-09,pam.beesly@example.com
COMP-3ea35eae-88fc-4544-9c21-c3bf273c8641,Washington-Patton,horne-chavez.com,Non-profit,5036,41068470.33,490.308.7400x40086,https://horne-chavez.com,47398 Michelle Stravenue Apt. 690,West Albert,VI,55510,New Caledonia,2024-04-10,2025-04-09,jim.halpert@example.com
COMP-f0bcef5b-4e85-4aae-890b-730f5d584daf,"Garcia, Patterson and Austin",roach.info,Healthcare,7321,8638989.83,+1-842-419-0473x1420,https://roach.info,09906 Evans Squares Suite 514,Jeffersonton,VT,76173,Vietnam,2024-05-10,2024-12-17,angela.martin@example.com
COMP-5d74b989-aa6d-4e67-bd75-ce546ace854b,"Bradley, Wang and Clark",flores.info,Technology,3612,35163035.65,6486976978,https://flores.info,8549 Eugene Underpass Apt. 437,Port Jordan,MI,85305,Sri Lanka,2023-08-08,2023-09-18,dwight.schrute@example.com
COMP-97882a5f-1f36-4811-9bc9-134374ab6070,Munoz Ltd,dawson.com,Education,205,21644567.64,671-562-9514,https://dawson.com,258 Kramer Green,Coopershire,AS,74218,Chile,2022-11-27,2025-03-30,michael.scott@example.com
COMP-919e8b2b-c114-41f3-b782-df9c0ff7a1c3,"Nixon, Little and Wells",smith.net,Other,8574,27347547.92,773.354.4444x0840,https://smith.net,8581 Wolf Keys Apt. 119,South James,VA,29235,Suriname,2023-01-24,2024-04-21,pam.beesly@example.com
COMP-e9a3878d-118e-4eca-8f8a-cabd47b14f48,Brooks-Martinez,johnson-clark.com,Technology,7860,27624111.43,685-284-8305x96592,https://johnson-clark.com,78066 Jason Mission,Lake Jessica,MA,71529,Dominican Republic,2024-01-22,2024-11-29,jim.halpert@example.com
COMP-cf93df8c-8ec9-4991-91fd-19e852e171da,Hernandez-Moore,dyer-brown.com,Professional Services,310,44789522.65,475.331.3598x2664,https://dyer-brown.com,1061 Carson Lane Suite 972,Port Jenny,WI,34092,Saint Vincent and the Grenadines,2024-05-19,2024-11-16,angela.martin@example.com
COMP-9087dab3-65f8-4937-9f69-857a0770f46c,Williams-Alvarado,williams.info,Retail,8556,16919142.57,(239)500-9854x12733,https://williams.info,6295 Ryan Meadows,Wolfeview,GA,20253,Canada,2022-11-25,2024-10-09,dwight.schrute@example.com
COMP-730d06d2-31fa-4f9f-bff2-c141589d78e3,"Fowler, Carter and Silva",tucker-rich.com,Other,7102,35690503.27,001-209-224-3902x806,https://tucker-rich.com,854 Martin Valley,Port Darrellburgh,MI,02009,Serbia,2024-08-08,2025-02-11,michael.scott@example.com
COMP-72523266-9449-4f67-bd6e-9ac585a03e88,Wallace Inc,stanton.org,Professional Services,892,46448662.7,830.388.7193,https://stanton.org,6563 Kenneth Meadows Suite 082,Veronicamouth,ME,61645,Cyprus,2023-07-04,2023-07-27,pam.beesly@example.com
COMP-5ae17747-276d-4ef0-8ac9-011a18108772,"Dodson, Carey and Larsen",ross.com,Other,2172,46787724.07,759.793.8624,https://ross.com,03629 Chris Rapid,Lake Angelachester,NJ,11163,Denmark,2023-12-23,2024-06-05,jim.halpert@example.com
COMP-edb8c1ad-abcc-4072-b62b-044c18a8c1eb,"Miller, Cunningham and Jimenez",white.com,Manufacturing,1809,47408485.28,001-981-970-4915x8769,https://white.com,63398 Becker Knolls,Kevinton,MA,82399,Brazil,2023-02-10,2023-10-10,angela.martin@example.com
COMP-aff924e1-7c41-4eaa-a245-7cffcafbc114,"Ortiz, Evans and Jackson",myers.info,Non-profit,147,19367917.06,784-568-0302,https://myers.info,2814 Walter Ways Suite 188,East Steve,MI,48175,El Salvador,2022-03-01,2024-10-14,dwight.schrute@example.com
COMP-618179f0-24e0-4f2e-9a1a-97b925c35a20,King PLC,humphrey-brooks.net,Finance,8199,28993378.55,001-741-288-0468x481,https://humphrey-brooks.net,4140 Amy Ford,North Michaelburgh,IL,21476,Slovakia (Slovak Republic),2024-03-30,2025-02-24,michael.scott@example.com
COMP-79ab0882-38ae-422a-9ce7-44b8baed3352,"Lamb, Garcia and Obrien",galvan.org,Finance,1010,2692745.29,(712)390-2519x821,https://galvan.org,696 Laurie Shore Suite 766,Christophermouth,MH,80798,Libyan Arab Jamahiriya,2024-01-02,2024-12-21,pam.beesly@example.com
COMP-781b3112-d24d-4124-8e16-c1b281b0ad0d,Grant and Sons,smith-martin.com,Finance,593,28199293.17,4833210517,https://smith-martin.com,7093 Nguyen Village Suite 644,New Mariafurt,VT,21761,Cocos (Keeling) Islands,2022-06-18,2023-07-15,jim.halpert@example.com
COMP-6a9239ed-787d-4cc8-98f4-3db3510862c4,Lewis Group,malone.info,Other,1991,33236722.36,(868)695-8319x14793,https://malone.info,7777 Mary Squares Apt. 563,Port Virginiashire,OR,36922,United Kingdom,2024-09-27,2025-02-18,angela.martin@example.com
COMP-a6c40441-f506-4a1a-8f85-2caa509fda2d,Morgan Inc,garrison-medina.com,Retail,8790,3925835.6,8878674024,https://garrison-medina.com,24342 Guzman Shore Suite 372,Michaelborough,WY,85349,Mexico,2022-04-12,2024-05-18,dwight.schrute@example.com
COMP-c3aa9a6c-b2df-47c8-9f3f-8d97f43db99a,Dennis-Reyes,reese.com,Technology,3628,2466596.01,(243)667-0885x02314,https://reese.com,984 Michelle Prairie Apt. 732,Faulknerport,AS,20064,Angola,2024-09-07,2025-01-08,michael.scott@example.com
COMP-2795351c-eb30-4108-8d24-c29046357865,Butler-Wallace,hamilton.com,Other,8094,15485556.97,001-562-522-8558x92443,https://hamilton.com,21728 Sampson Lake,Russellmouth,KS,83841,Micronesia,2023-03-03,2023-03-15,pam.beesly@example.com
COMP-54b630f4-5327-4872-a714-4e7ba5f3f111,Atkins-Lambert,hudson-ward.biz,Other,2310,43537259.63,433-863-2407x31802,https://hudson-ward.biz,062 Wallace Crossing Suite 586,Port Jacquelineborough,PR,15895,Mauritius,2022-05-08,2023-02-20,jim.halpert@example.com
COMP-3ff479b5-4d18-4f7f-bb9d-5bf2cbf63643,"Clark, Scott and Sanchez",pratt-robbins.org,Technology,2393,39651481.19,241.205.2650,https://pratt-robbins.org,25147 Landry Village Apt. 341,Sierraberg,MA,46034,Argentina,2022-07-17,2024-01-07,angela.martin@example.com
COMP-3e2de959-ef65-42c0-9607-c9664eefb346,Edwards Group,yang-haney.com,Manufacturing,6421,27304674.58,464.409.4677x903,https://yang-haney.com,090 Heather Stravenue,Lake Crystal,RI,52632,Philippines,2023-11-16,2025-03-01,dwight.schrute@example.com
COMP-1de1d10f-13c5-4360-a17b-52059808b295,Petersen-Cruz,jarvis.com,Education,6325,819232.89,710.855.9093x8048,https://jarvis.com,34939 Melanie Stream,West Bernardview,MP,15844,Mauritius,2023-04-04,2023-09-10,michael.scott@example.com
COMP-7daa72f3-d983-43e6-86b8-42c282d30d51,"Lewis, Berg and Powell",carter.com,Professional Services,1664,6037446.23,604-983-7850x73104,https://carter.com,67247 Wright Key,Lake Brittney,FL,62935,Jordan,2023-04-24,2023-07-26,pam.beesly@example.com
COMP-cfb4a07b-6877-4b1e-83b1-cd188cddd5dd,Castillo-Campbell,lewis.com,Technology,9413,9733413.11,+1-393-921-6874x101,https://lewis.com,857 Bentley Station Suite 334,North Melissaland,LA,46128,China,2022-01-23,2023-07-11,jim.halpert@example.com
COMP-b5306a6b-2d34-449a-a762-3a06e4c34ed7,"Taylor, Gray and Henderson",freeman.net,Other,1059,22796435.39,277.912.0758x8831,https://freeman.net,85682 Jillian Stravenue,North Cassandrachester,SC,95916,Bermuda,2022-06-17,2025-01-31,angela.martin@example.com
COMP-aeb5f8ce-866a-485d-8d71-afae4ad57ab9,Hurst Ltd,harris.com,Non-profit,4325,19518959.15,(945)891-5594,https://harris.com,0393 Sheri Heights,Reedton,HI,72737,India,2022-03-01,2025-04-21,dwight.schrute@example.com
COMP-a830de3e-53e4-4d6c-b9bf-0954e75a4ba0,Burns-Gardner,thompson.org,Finance,8361,24727949.02,(304)923-4153,https://thompson.org,708 Evans Inlet Apt. 842,Howardberg,DC,80055,Djibouti,2024-02-13,2024-09-29,michael.scott@example.com
COMP-8e07dcf8-1abe-43d7-a59c-63a48349d586,"Beard, Watson and Murphy",koch.com,Non-profit,2460,27681720.41,(658)673-8234x204,https://koch.com,988 Brandi Throughway Apt. 294,West Mariaville,MT,47969,Azerbaijan,2023-04-14,2024-02-08,pam.beesly@example.com
COMP-00300e96-e283-40ed-90ca-bf8f93cf523b,"Wright, Campbell and Evans",davis.com,Other,5349,40949652.12,001-414-959-4304x8408,https://davis.com,9501 Justin Walk Suite 517,North Christopher,DE,43492,Northern Mariana Islands,2025-01-29,2025-02-26,jim.halpert@example.com
COMP-ac413d72-3923-472c-b2c7-e461c8547f57,Moreno-Jones,rasmussen.com,Professional Services,6627,33097033.23,988.431.5447x229,https://rasmussen.com,5142 King Inlet,Gabrielstad,LA,96110,Oman,2023-03-12,2023-06-12,angela.martin@example.com
COMP-34aea238-1bdc-420d-b455-c25016204b0a,Williams Group,torres-harvey.biz,Education,9906,43300668.69,(477)326-3256,https://torres-harvey.biz,1286 John Groves,North Erin,MT,83367,Wallis and Futuna,2024-08-26,2025-04-15,dwight.schrute@example.com
COMP-ac576c8c-eebd-4467-af65-64ec7bfd4a14,"Perez, Olson and Stokes",parsons-moore.com,Healthcare,3816,32013755.68,902.920.8466x331,https://parsons-moore.com,4262 Walter Greens,Lake Jon,MD,71275,Uruguay,2023-03-23,2024-02-08,michael.scott@example.com
COMP-e92a3b70-5d0d-4dc1-a79c-00984871575e,Smith-Mcintyre,lane.com,Professional Services,550,2670365.47,001-844-747-5409x04129,https://lane.com,24482 Lloyd Squares Apt. 603,Everettfurt,VT,90338,Dominican Republic,2023-02-05,2023-10-10,pam.beesly@example.com
COMP-5baae62e-0453-4da2-aa06-6bf993d82963,Thomas-Parker,hernandez.com,Technology,7313,10536763.38,001-554-350-2928x3908,https://hernandez.com,912 Jensen Crest Apt. 094,Gordonchester,DE,75996,Saint Barthelemy,2023-11-22,2024-04-22,jim.halpert@example.com
COMP-5485ab1a-ffc0-4e8c-ad49-9c59373bbd1d,"Le, Greene and Johnson",osborn.com,Non-profit,6018,21223352.85,219.359.5161x6017,https://osborn.com,5114 Adams Lock Suite 694,Lake Deniseburgh,PR,00630,Nepal,2022-04-22,2024-04-28,angela.martin@example.com
COMP-7517ef00-779e-4e9e-8a29-75fee5d61817,Hansen-Stokes,russell.com,Manufacturing,6057,30281508.59,001-906-763-5272,https://russell.com,6751 Kimberly Parks Suite 835,Kimhaven,AS,33176,Turkmenistan,2023-04-13,2024-05-24,dwight.schrute@example.com
COMP-ee1e25c1-aade-4de2-bd13-1f2cd39980a9,Wolf Ltd,kennedy.com,Retail,1526,19868508.56,849.527.7519x212,https://kennedy.com,2517 Elizabeth Fort Apt. 955,Chenchester,AZ,24296,Cambodia,2023-12-19,2025-04-04,michael.scott@example.com
COMP-611ae550-b63d-4a02-b12b-aae5a18a1a57,Morales-Cooke,lowe-russell.com,Other,9180,47831176.05,254-501-3703x418,https://lowe-russell.com,8940 Paul Dale,West Jamiechester,VA,87879,Sweden,2022-07-23,2025-03-30,pam.beesly@example.com
COMP-23c16721-2c4b-463f-936f-3bab1692b615,"Kennedy, Lee and Kane",petersen-scott.com,Professional Services,385,2657048.11,707.793.9202x4627,https://petersen-scott.com,2296 Michelle Prairie,Ellishaven,UT,79859,El Salvador,2023-09-01,2025-04-12,jim.halpert@example.com
COMP-3a986862-5228-41e1-b31f-294c562e0431,Cooper-Kelly,singh.com,Healthcare,1058,8764765.38,001-798-485-7869x8174,https://singh.com,1130 Daniel Bridge Suite 642,Millerburgh,NV,38775,Svalbard & Jan Mayen Islands,2024-05-13,2024-07-20,angela.martin@example.com
COMP-ca13eb00-a0ce-4d1b-be11-1ef1aeaf7808,Martinez Ltd,cantu.com,Non-profit,9016,47826731.99,4368505551,https://cantu.com,19416 Hood Estate Apt. 371,Sandersmouth,AS,29562,French Southern Territories,2024-11-05,2025-03-28,dwight.schrute@example.com
COMP-581f2884-579d-4b3c-8d72-d9eefbbf99f2,"Velez, Jarvis and Warner",lynn.com,Healthcare,694,18107009.26,+1-299-203-7937x857,https://lynn.com,524 Parker Locks Suite 014,East Cheryl,MH,74229,Montenegro,2022-07-14,2023-01-29,michael.scott@example.com
COMP-f63d20f7-44bb-4841-9d2d-6f5add4e76a8,"Curtis, Lucas and Arias",freeman-jones.com,Professional Services,4793,10980123.86,(756)906-3721x774,https://freeman-jones.com,03169 Brown Crossing,New Laurafurt,AS,25787,United Arab Emirates,2024-09-26,2024-10-03,pam.beesly@example.com
COMP-016d5504-45cf-446a-ad9d-63647e997368,"Simmons, Williams and Ortiz",golden.info,Healthcare,4261,40144412.34,001-489-625-0606x08731,https://golden.info,828 James Shoals,Lake Anthonyview,LA,98647,Cyprus,2024-06-07,2024-12-31,jim.halpert@example.com
COMP-f66c742b-a37e-49a6-9dd7-3794cb485b65,Nguyen and Sons,robertson.net,Other,9230,5384523.71,551.320.5723,https://robertson.net,323 Melissa Forges,North Michelemouth,KY,88109,Guadeloupe,2024-11-10,2025-04-24,angela.martin@example.com
COMP-8bc1ca7e-28ac-442b-a3aa-c4d565357cb2,"Anderson, Garcia and Douglas",rodriguez-rodriguez.com,Retail,8724,46481474.83,+1-899-487-2803x9710,https://rodriguez-rodriguez.com,8744 Alexis Parkways Apt. 095,Lake Walter,MN,78787,Serbia,2024-08-11,2024-11-02,dwight.schrute@example.com
COMP-2c0c5ef2-21d7-4be4-9cf0-08e52b041a2b,Williams-Cameron,jenkins-mccoy.com,Education,8656,34849600.3,001-917-982-0039x4043,https://jenkins-mccoy.com,0754 Payne Inlet Suite 114,Racheltown,ME,24979,Maldives,2022-10-02,2025-04-11,michael.scott@example.com
COMP-0ac118b5-ec8f-4a42-b2ad-4eab149148e8,Mack Group,murphy.com,Education,5414,25024908.33,+1-681-871-4931x49513,https://murphy.com,408 Peter Groves Suite 034,New Amanda,VI,36383,Tunisia,2023-01-11,2025-04-23,pam.beesly@example.com
COMP-a1191a48-1da2-4899-b883-c665df3dffd3,"Williams, Jordan and Curry",lopez-williams.com,Education,3271,18014977.81,4327916913,https://lopez-williams.com,693 Paula Turnpike,Matthewschester,MT,26805,Mayotte,2024-05-27,2024-06-14,jim.halpert@example.com
COMP-5de8d53b-154d-40e7-9267-3b0b9f791ff4,Little-Gregory,grimes.biz,Non-profit,9618,35470654.65,(233)252-7219x62947,https://grimes.biz,280 James Brooks Apt. 228,East Michaelton,MO,47171,Germany,2023-11-04,2025-01-11,angela.martin@example.com
COMP-e2b1725b-957a-4b05-9e05-5b42b6dc8622,Wells-Cook,bates.com,Manufacturing,9953,723726.17,817.696.3517x737,https://bates.com,03940 Jones Avenue Suite 065,North Zacharyshire,SC,18752,Brazil,2023-10-02,2024-03-16,dwight.schrute@example.com
COMP-2e409140-15df-466e-9e66-511aeedbb51a,Le Ltd,hernandez.info,Education,1381,14858093.16,+1-986-867-0196x0546,https://hernandez.info,8294 Ralph Manor Apt. 803,Port Laura,DE,94073,Western Sahara,2023-05-20,2024-05-27,michael.scott@example.com
COMP-b8e425dd-5127-4820-81d7-653947be9654,"Perkins, Harris and Coleman",waters.com,Non-profit,7974,34313864.48,+1-328-843-7931x1361,https://waters.com,781 Christopher Ford Apt. 588,Angelaland,DE,16520,Faroe Islands,2025-02-13,2025-04-29,pam.beesly@example.com
COMP-6bf11973-b36a-476c-b0a7-1219dd855b30,Garcia and Sons,martinez.com,Retail,5401,37436587.19,593-487-3927,https://martinez.com,30969 Kimberly Lodge Suite 665,East Garyport,GA,12188,Belarus,2024-12-20,2025-02-04,jim.halpert@example.com
COMP-73ce8cd3-ed21-4ffd-a7dd-a954bf811fb4,Vasquez LLC,thompson-reed.org,Education,4943,4824407.37,394-895-9775x000,https://thompson-reed.org,85237 Brian Station,East Jesustown,GU,12423,Dominica,2023-03-14,2025-01-04,angela.martin@example.com
COMP-7b9fe246-69d6-4008-8dfd-7c7434eab8d0,Garcia-Carlson,hester.com,Education,5602,31168487.96,783.500.3189,https://hester.com,969 Lisa Flat Apt. 913,Alexton,AK,19815,San Marino,2024-12-20,2025-04-17,dwight.schrute@example.com
COMP-b77cffc9-d9c0-450e-aeb3-fa50547ec26d,"Klein, Ford and Oliver",miller-benitez.com,Healthcare,6755,14617979.08,953-554-6822x79660,https://miller-benitez.com,7562 Rivera Lock Apt. 548,Port Amyfurt,MO,86688,Tokelau,2023-01-11,2024-08-03,michael.scott@example.com
COMP-3391ff5d-952e-4cf1-aeb7-02a991867f6d,Ruiz PLC,barnett.com,Technology,2030,43493786.59,666-828-0432x586,https://barnett.com,554 Lane Run,Parkerchester,KY,53175,Wallis and Futuna,2022-09-12,2022-10-31,pam.beesly@example.com
COMP-03fe8a2f-6779-4102-b25d-e0ed43eee910,"Schultz, Kennedy and Wong",watson.net,Healthcare,2331,5800037.33,001-347-344-8992,https://watson.net,84828 Howell Fords Suite 715,East Sarahaven,UT,52514,Honduras,2022-05-20,2023-07-08,jim.halpert@example.com
COMP-99cf4a3f-9bf1-4f14-8711-9544b6583f66,Valentine Group,davis.net,Manufacturing,3665,35267241.37,569.223.9821x8468,https://davis.net,9163 Colleen Summit Suite 280,Duranshire,MS,07496,Palestinian Territory,2022-12-19,2023-01-25,angela.martin@example.com
COMP-2de1977e-d096-45be-a807-0ff778b523d5,"Velasquez, Gibson and Knox",ortiz.com,Professional Services,909,43063926.3,337-780-4643x17153,https://ortiz.com,95805 Thomas Knoll,Aaronborough,MT,67755,Myanmar,2025-04-17,2025-04-22,dwight.schrute@example.com
COMP-a2fed105-00f3-470a-bfeb-2a378a224e71,"Huffman, Brock and Leonard",smith-robinson.com,Healthcare,2116,42102884.34,001-952-309-0970x380,https://smith-robinson.com,1869 Jeffrey Cliff,West Wayneland,OH,06458,Christmas Island,2024-06-19,2024-06-24,michael.scott@example.com
COMP-cd7d5033-1811-4d0e-a1b5-f7026d4cf22d,"Castro, Patterson and Green",english.com,Healthcare,6394,14077513.37,956.561.2831x632,https://english.com,80827 Wright Brooks,Taylorton,CA,24574,Namibia,2024-04-17,2024-11-22,pam.beesly@example.com
COMP-70819946-033c-4431-b200-7ee7d81bdddf,Mccormick Group,turner.com,Manufacturing,5158,20298454.1,797-726-6835x56796,https://turner.com,6067 Kline Freeway Suite 150,Rogersfurt,AK,26140,Guinea,2022-03-31,2022-06-18,jim.halpert@example.com
COMP-efd973ac-ed73-4fd4-b9c7-1f36f80dda1b,"Watkins, Jones and Snyder",garcia-brown.com,Technology,8786,3223917.8,+1-834-297-3502,https://garcia-brown.com,25783 Devin Mountains,Cindyfort,TN,05815,Micronesia,2022-03-02,2022-03-07,angela.martin@example.com
COMP-dff1069c-79cd-4326-b4c6-154e821b188a,Phillips-Chandler,snow.info,Professional Services,944,26724761.84,7227691140,https://snow.info,643 Kathy Fork,South Natasha,ME,63134,Mauritania,2022-11-29,2023-05-31,dwight.schrute@example.com
COMP-433c2463-9af8-41c2-a8fa-1a8aa6c7a08c,"Conley, Delgado and Rodgers",bush-phillips.info,Finance,2802,17179949.15,+1-530-422-3119x99865,https://bush-phillips.info,767 Scott Pass,North Donna,NE,64200,Norway,2023-11-08,2025-01-14,michael.scott@example.com
COMP-4c7e29bc-7e01-4220-922f-3c86e7b692af,Murphy PLC,chen-ramirez.com,Retail,9921,20854035.2,(596)999-9321x69565,https://chen-ramirez.com,144 Holmes Inlet,Romerofurt,IN,47870,Sierra Leone,2023-08-03,2025-03-17,pam.beesly@example.com
COMP-421d0083-89f5-402f-924b-58cc7f74b422,Snyder Inc,murphy.info,Other,4731,772069.09,488-665-7213x4189,https://murphy.info,8400 William Burgs Apt. 421,Landryside,MP,98405,New Zealand,2024-01-27,2025-02-23,jim.halpert@example.com
COMP-61303ef9-06d4-4ffb-ba15-a049f5683b5c,"Chambers, Perry and Howell",henderson.com,Finance,3798,7092610.2,(382)816-5779x5024,https://henderson.com,387 Hill Gardens Apt. 749,Philipmouth,MD,88756,Zambia,2022-11-01,2023-06-17,angela.martin@example.com
COMP-c4394e1c-2eff-4ec7-b52a-7644d4a5966f,Ray-Martin,clarke.org,Technology,8063,9127913.16,(646)324-7105x485,https://clarke.org,6965 Brian Falls Apt. 180,Andersonmouth,MT,20256,Solomon Islands,2023-11-09,2024-12-07,dwight.schrute@example.com
COMP-92576df2-a226-44ca-82ea-f7448bc7f6c5,Smith PLC,jimenez.com,Other,2105,36855882.57,511.999.9446x04978,https://jimenez.com,72061 Curtis Club Apt. 127,Brewermouth,ME,43655,Tanzania,2024-02-14,2024-06-29,michael.scott@example.com
COMP-44bec6bc-b525-4fbb-9e24-2f41a6c5503d,Brown Ltd,mcpherson.com,Manufacturing,3512,21562741.89,(791)660-0043x99935,https://mcpherson.com,747 Michael Extension,Port Jamieview,DC,40526,Belgium,2023-09-24,2024-02-20,pam.beesly@example.com
COMP-4b639f05-b24d-4a97-860a-1cd20dc2d0dd,"Davis, Hodges and Welch",medina-williams.com,Manufacturing,3090,45779983.84,921.757.2057x268,https://medina-williams.com,0447 Carter Oval,West Ryanborough,KS,95197,Romania,2022-07-11,2023-04-02,jim.halpert@example.com
COMP-dc2688d1-4944-4755-b10f-00af426e1956,Miller Inc,murphy-downs.biz,Professional Services,1002,40663220.56,001-254-316-0019,https://murphy-downs.biz,643 Pierce Via,Bryantburgh,ME,62231,Australia,2024-06-29,2025-01-08,angela.martin@example.com
COMP-7ba2c9a5-8b19-4038-b486-f4cf6e62ae9a,Martin-Franklin,keller.com,Healthcare,4614,19269487.47,288-359-2756x6157,https://keller.com,135 Payne Crossroad Apt. 323,Andersonside,FM,89826,French Southern Territories,2023-05-18,2023-06-07,dwight.schrute@example.com
COMP-3e4bfb1e-7fc7-4522-a912-065aae389918,Eaton Ltd,stevenson.com,Finance,774,47478866.48,001-595-940-5605x879,https://stevenson.com,99165 Harris Common Apt. 019,Santosborough,DC,85604,Cyprus,2025-04-15,2025-04-24,michael.scott@example.com
COMP-b81ac531-d2a7-46c8-80fc-85481941d06d,Huerta-Nguyen,jackson.com,Education,8515,22009056.06,3588246922,https://jackson.com,280 Gomez Spurs,Austinbury,SD,89392,Mexico,2023-12-01,2024-09-22,pam.beesly@example.com
COMP-9761f7d5-2436-4050-923f-65f73fb739bd,"Tucker, Walsh and Fields",beasley-garcia.com,Manufacturing,4831,16090969.87,4149747985,https://beasley-garcia.com,692 Brittany Roads,Brianborough,FL,33242,Grenada,2024-07-23,2025-02-02,jim.halpert@example.com
COMP-cf179544-bba8-4481-8c49-a1df1119190e,Martin Group,garcia.com,Technology,6293,4321632.46,001-225-666-0088x6033,https://garcia.com,0880 Burke Square,West Colin,GU,11149,Sao Tome and Principe,2025-04-01,2025-04-28,angela.martin@example.com
COMP-2ef0137a-1b08-4b8c-a8b4-0014cc652178,"Glover, Howard and Rodriguez",berry-page.biz,Professional Services,3440,20910645.77,+1-881-773-4713x65168,https://berry-page.biz,7502 Christian Stravenue Suite 107,Sherryberg,PW,69313,Moldova,2025-04-08,2025-04-25,dwight.schrute@example.com
COMP-6ecb4b24-772f-4acf-bf36-cf5c2f53276a,"Jordan, Richardson and Schroeder",lucas-welch.com,Professional Services,2308,37599220.35,787-939-2125x61526,https://lucas-welch.com,37905 Mckenzie Locks Suite 348,Melissachester,WA,17184,Burundi,2022-10-20,2025-04-01,michael.scott@example.com
COMP-52193126-2374-49e0-b339-5eae8e103ba3,"Franklin, Humphrey and Alexander",morris-thompson.com,Finance,2940,31115492.48,001-800-427-7609,https://morris-thompson.com,07732 Wagner Haven,Heatherville,NH,05562,Sweden,2024-01-11,2024-08-29,pam.beesly@example.com
COMP-e93cdbe4-ee7e-48a8-9399-c0d3fb7f7e2f,"Thomas, Cannon and King",simpson.com,Technology,9852,19068096.96,(878)212-7574x6381,https://simpson.com,88431 Robin Causeway Suite 580,Aguilarfurt,OK,63447,Pitcairn Islands,2022-06-10,2025-02-03,jim.halpert@example.com
COMP-194d6bd9-023d-4253-a35b-4e5d8786c009,Smith LLC,dorsey.com,Non-profit,178,29240948.56,(883)821-2411,https://dorsey.com,19726 Christopher Green Suite 539,East Jamesshire,ND,12018,Egypt,2022-04-18,2023-07-25,angela.martin@example.com
COMP-88715232-f72b-4143-9c4e-dd060eb7299d,"Gonzalez, Carson and Johnson",cardenas-hicks.com,Other,6280,6397546.28,(787)510-7869,https://cardenas-hicks.com,18585 Day Throughway Apt. 893,Villanuevafort,OK,39346,Bouvet Island (Bouvetoya),2023-05-03,2023-10-16,dwight.schrute@example.com
COMP-9a350f7b-88f0-4456-badd-ab89f6bffc6e,Henson LLC,shepard.com,Education,9266,36099788.41,(566)925-1382x760,https://shepard.com,326 Antonio Junction,Fosterborough,KS,96912,Bangladesh,2022-09-25,2024-08-22,michael.scott@example.com
COMP-c8e2397f-6f9d-48d4-b50e-9cfaa8ea5c36,Petersen LLC,erickson.biz,Other,5039,30019426.18,001-708-509-5728x1001,https://erickson.biz,75185 James Rapids Suite 661,Watkinsland,SD,37653,Samoa,2022-05-11,2023-06-25,pam.beesly@example.com
COMP-ebd40455-917e-42c9-ad37-8510cd123302,Gordon-Downs,mann-solis.net,Other,5161,38358870.63,001-457-864-6417x0044,https://mann-solis.net,67971 Johnson Dam Suite 880,North Maryburgh,DE,68490,Madagascar,2024-11-27,2025-03-31,jim.halpert@example.com
COMP-cd5f33ba-a6fc-4476-900b-bc8a2a5af47d,Richardson Inc,griffin-thomas.com,Finance,5323,16268122.74,815-305-0093,https://griffin-thomas.com,131 William Club Apt. 393,Davenportburgh,UT,15465,Philippines,2022-01-24,2025-04-26,angela.martin@example.com
COMP-0ae41273-bcc7-4bd5-8828-893143964a99,"Jones, Klein and Taylor",norris.com,Non-profit,2794,33062808.25,+1-573-324-6024,https://norris.com,891 Brown Highway,South Pamelaside,FL,26866,Romania,2024-09-20,2024-11-14,dwight.schrute@example.com
COMP-42fe96d0-db7c-4522-83ad-2cece5d0737f,Roberson PLC,simmons-cook.com,Education,1643,41438456.85,(685)221-6224,https://simmons-cook.com,4372 Nguyen Trail,Willieview,MH,12709,Albania,2025-03-13,2025-04-21,michael.scott@example.com
COMP-5ff0d8e3-a301-4b97-8632-3788e6440e9c,Preston-Shea,mclean-ryan.com,Retail,5070,49308570.58,001-552-887-4165x78545,https://mclean-ryan.com,789 Stacey Fall,Kimberlybury,NC,76724,Bhutan,2024-02-29,2024-12-15,pam.beesly@example.com
COMP-4f13818b-fc09-4cba-88cb-5b4a3da6a38d,Long Group,frost.info,Education,8556,24062688.07,001-713-341-7096x77288,https://frost.info,339 Carpenter Neck Suite 698,Richardfort,VA,46435,Lao People's Democratic Republic,2022-04-19,2024-02-23,jim.halpert@example.com
COMP-610c6037-7dfa-4c4a-aad9-a119c89f3eac,Zimmerman-Webb,thomas.com,Manufacturing,9014,25214771.04,413-680-0445,https://thomas.com,787 Pruitt Ports,East Nicholas,MN,62862,Guadeloupe,2025-01-30,2025-02-03,angela.martin@example.com
COMP-15507afa-11e5-4364-b963-74a318cfad68,Gonzalez-Dalton,george.com,Education,7051,20206510.48,+1-376-987-0893x59371,https://george.com,92774 Destiny Lodge Suite 636,New Tracy,MD,13136,Zambia,2022-12-21,2023-08-15,dwight.schrute@example.com
COMP-5a7d037a-4eb3-47d0-9462-4d35dd97d59d,Wise-Rivera,morris-martinez.com,Technology,4417,17085038.31,+1-355-399-2957x971,https://morris-martinez.com,9754 Philip Inlet Suite 526,Jasonshire,MO,21308,Saint Barthelemy,2023-09-17,2024-09-12,michael.scott@example.com
COMP-ed39182f-df7f-452e-a62e-3fd6c4d10a71,Campbell Ltd,martinez-baker.net,Healthcare,8853,49063273.01,(872)589-4101x11264,https://martinez-baker.net,27041 Deborah Station,Claudiaton,NM,89990,Mexico,2024-02-24,2024-10-20,pam.beesly@example.com
COMP-41d7aecb-489d-40dc-97b6-cbc338399134,Griffith-Beard,brown.com,Retail,7228,17893259.82,(539)394-3169x173,https://brown.com,9073 Rebecca Stravenue Apt. 783,Coleport,CO,36870,Norway,2022-05-07,2023-08-15,jim.halpert@example.com
COMP-f8aad82c-18f5-4d65-a641-bf8fb1aac6e3,Morales-Clark,griffin-cobb.com,Education,6900,30311622.84,(822)432-2170x310,https://griffin-cobb.com,07341 Andrew Parks Suite 198,Jamesshire,AZ,63095,Mauritius,2024-08-09,2024-08-28,angela.martin@example.com
COMP-44346e9e-cead-4d1a-9a6c-2d97364ecdbb,Marks Ltd,kennedy-gordon.info,Retail,4350,10966754.35,9167114287,https://kennedy-gordon.info,08394 Jessica Cove Apt. 084,Port Frankchester,KY,55395,Nauru,2023-07-27,2024-12-23,dwight.schrute@example.com
COMP-20f9a66b-a024-4d22-a331-a7190a425b45,Fuentes LLC,alexander.com,Retail,5342,10795083.95,831.714.9968x56222,https://alexander.com,13793 Karen Port Suite 513,West Tina,CA,29319,Jordan,2023-12-06,2023-12-06,michael.scott@example.com
COMP-3e00fd49-475d-44cf-81e7-3e10a2e4ba87,Briggs-Wise,robles-ware.info,Retail,9325,291960.09,204-496-6994,https://robles-ware.info,1087 Michael Neck Apt. 879,North Emilyshire,RI,90680,Luxembourg,2023-02-24,2023-03-03,pam.beesly@example.com
COMP-e18bd95a-55be-4447-b504-48039b717efe,Smith Inc,williams.com,Healthcare,9569,13847418.0,931.824.1160,https://williams.com,052 Moss Lane Apt. 432,Port Kimberly,AK,58708,Oman,2023-03-18,2024-07-07,jim.halpert@example.com
COMP-ef638f7a-267e-4ac3-8d1b-f4ba9d713eb9,"Parker, Scott and Mendoza",wallace-randolph.com,Non-profit,3395,9444935.4,+1-527-887-5343x98894,https://wallace-randolph.com,319 Amy Ridges,Elizabethtown,OR,38957,Ghana,2022-02-19,2024-04-21,angela.martin@example.com
COMP-3c9bba10-8b2a-4538-b91e-084ede675217,Smith and Sons,barnes.com,Other,1327,44669528.66,(994)555-3015,https://barnes.com,0612 Parker Dam Suite 798,Andrewstad,NJ,44819,Italy,2023-10-28,2024-03-22,dwight.schrute@example.com
COMP-4ea29c9b-3fb0-4a25-b4e0-a8f4092a3a3d,"Mcguire, Pratt and Williams",avila.com,Manufacturing,4702,18494103.28,6708440477,https://avila.com,37291 Bradley Street Suite 949,Port Mary,PW,22900,Zimbabwe,2024-07-24,2024-11-19,michael.scott@example.com
COMP-853b51e1-fc95-454c-bd01-a7a2f61e0803,"White, Lowe and Hall",robinson.com,Other,3082,916272.44,(833)287-1608,https://robinson.com,9960 April Knolls,Charlesmouth,IL,20644,Falkland Islands (Malvinas),2023-05-15,2024-08-19,pam.beesly@example.com
COMP-22bf44a3-76b5-4e63-92c0-774f854a0cb4,Chase-Snyder,hubbard.com,Healthcare,241,14432639.67,+1-432-418-3973x8439,https://hubbard.com,9064 Christina Brooks Suite 853,West Deborahchester,NY,54870,Canada,2025-04-24,2025-04-27,jim.halpert@example.com
COMP-ef589379-5a88-42db-a022-60ced94bc9a6,Salinas-Johnson,henderson-leach.com,Retail,3210,21935319.2,3405380589,https://henderson-leach.com,4312 John Burgs,East Josephhaven,AK,70807,Ethiopia,2022-11-21,2024-02-01,angela.martin@example.com
COMP-04dd5fc6-99b8-464b-be87-da3d97bbd438,Garcia-Garcia,alvarez.org,Other,213,24359560.05,(545)527-9147x4264,https://alvarez.org,505 Samuel Valleys Apt. 067,New Clinton,NH,91959,Libyan Arab Jamahiriya,2025-04-07,2025-04-24,dwight.schrute@example.com
COMP-7c4b7a06-e42e-408f-9e18-31cec4a58b1c,"Hunt, Gonzales and Anderson",robles-gonzalez.net,Manufacturing,4100,48369354.72,201.335.5356,https://robles-gonzalez.net,78350 Norris Inlet Suite 371,South Jorgeborough,NM,88625,Sao Tome and Principe,2025-01-25,2025-04-23,michael.scott@example.com
COMP-27dea112-1caa-4ba6-887e-f36c0a944061,Arnold-Summers,fernandez.com,Education,4267,46009109.69,965.700.9176,https://fernandez.com,89559 Bryan Street Apt. 220,Whiteshire,NM,04881,Ireland,2024-02-04,2024-02-10,pam.beesly@example.com
COMP-66450be6-dae1-44b5-af3b-8541af738c89,Gregory-Graham,fowler.com,Technology,9618,41980080.96,302-386-4996x5318,https://fowler.com,448 Lauren Hills Apt. 434,Lake Sherri,WI,62434,Kazakhstan,2024-05-15,2025-02-08,jim.halpert@example.com
COMP-6925eaf1-5be6-4c40-b069-659de7b29666,Simon Ltd,walker.com,Manufacturing,9138,16197654.83,001-889-633-8822x6558,https://walker.com,69328 Kathleen Trail,South Michael,ND,59290,United States of America,2022-08-05,2023-11-30,angela.martin@example.com
COMP-53696758-6368-458a-a3fd-0b9af433e920,"Thompson, Gordon and Moore",giles.com,Technology,6791,16004837.47,+1-286-757-9638x2069,https://giles.com,9270 Molly Drives,Benjaminburgh,OK,05110,Martinique,2024-06-27,2025-03-26,dwight.schrute@example.com
COMP-dbd9199b-6e33-4370-933b-172ed945263a,Hart Inc,burke.info,Other,2123,35758335.59,858.537.2770x71505,https://burke.info,4506 Salazar Ramp,North Rebeccaville,AK,22474,Egypt,2022-12-22,2023-12-09,michael.scott@example.com
COMP-e8e8d14a-fc05-401d-881b-2492299388e6,Vasquez-Robinson,brady-harris.info,Professional Services,9715,23911490.26,262-560-4041x73294,https://brady-harris.info,78626 Ruiz Unions,Michellebury,CT,97000,Saint Martin,2022-12-01,2023-08-01,pam.beesly@example.com
COMP-82b71d7a-42c3-4dd9-9323-88351a5dc6ff,Jackson PLC,delgado-acevedo.com,Manufacturing,5707,44067907.02,(922)700-1463x270,https://delgado-acevedo.com,223 Kathleen Flat Suite 680,Gregoryhaven,NY,52656,United States of America,2023-06-19,2024-08-12,jim.halpert@example.com
COMP-c437d57f-348f-4d2b-9338-4d3fd8291a59,Scott Inc,medina-fischer.info,Manufacturing,6501,48770159.25,265-428-3705,https://medina-fischer.info,3766 Robert Ports,Amymouth,KS,56943,Mongolia,2023-01-17,2024-10-27,angela.martin@example.com
COMP-50c1f872-8a77-48e2-97b8-465a0c7d5b13,"Watson, Stewart and Curtis",perez-joseph.com,Manufacturing,1689,410516.77,282-855-8322x848,https://perez-joseph.com,82004 Mark Port Apt. 292,Klineland,MT,67105,Jordan,2024-12-22,2025-02-01,dwight.schrute@example.com
COMP-dcb20bcb-8337-481c-850a-fde83f7594e1,"Williams, Miller and Greene",evans-brown.info,Retail,53,36968220.06,627.404.8928x533,https://evans-brown.info,12842 Jonathan Overpass,Lake Carrieside,UT,91821,Switzerland,2024-04-29,2025-04-04,michael.scott@example.com
COMP-a9099e53-758a-4839-9cc8-91a07f00d97c,"Holland, Fischer and Ramirez",atkins.biz,Retail,724,23648703.92,626-973-5931x7690,https://atkins.biz,4850 Robert Knolls,North Margaretmouth,PW,62833,Armenia,2022-09-22,2023-04-02,pam.beesly@example.com
COMP-36655e4d-b7ba-4d1f-9845-199e818b04c4,Hall Group,hart.com,Healthcare,2277,31378274.49,869.646.8715,https://hart.com,511 Heather Oval Suite 444,Lake Jeanette,KS,70052,Macao,2022-10-08,2023-05-24,jim.halpert@example.com
COMP-518112c4-c300-4d66-bae7-65b0418d3de9,Kirby Ltd,lewis-jones.com,Healthcare,6042,39652024.17,(214)590-4581,https://lewis-jones.com,21892 Rivers Plaza Suite 289,New Joseph,DC,07267,Mongolia,2025-01-13,2025-03-13,angela.martin@example.com
COMP-fc9e92fc-a65e-4611-b117-8b493be7b8a8,"Fernandez, Burns and Fernandez",gordon-aguilar.com,Technology,2034,27902019.57,662.584.2863x62539,https://gordon-aguilar.com,5554 Walker Land,Ericberg,AZ,95760,Monaco,2023-12-28,2024-11-21,dwight.schrute@example.com
COMP-4b8acf41-6083-4a11-9ada-60d48a4a2bd6,Scott and Sons,roth-holmes.biz,Non-profit,3598,8634348.81,7927853710,https://roth-holmes.biz,600 Michael Parks,Keithburgh,MI,52361,British Indian Ocean Territory (Chagos Archipelago),2025-03-09,2025-04-29,michael.scott@example.com
COMP-a8646566-60e9-49a9-87ed-6ff0ce9ec544,Mason-Bond,mcdonald.info,Retail,5353,14578448.08,413.465.1310x75344,https://mcdonald.info,23906 Benjamin Grove,Reedtown,MN,45796,Pakistan,2024-05-28,2024-09-02,pam.beesly@example.com
COMP-3c326c23-ab51-48ad-adfe-5a067014f122,Glass and Sons,howard-nichols.com,Manufacturing,476,47606493.06,521.913.5244x351,https://howard-nichols.com,3597 Becker Meadows,North Normantown,WA,23407,Botswana,2022-09-25,2023-04-18,jim.halpert@example.com
COMP-805cecc9-e9b1-433a-83e7-e8c5bfc9fde7,Simmons Group,tran-bird.com,Education,8926,2292291.16,(280)485-1808x514,https://tran-bird.com,3035 Sarah Groves Suite 125,Jenniferfurt,OH,96545,Svalbard & Jan Mayen Islands,2024-07-25,2025-03-17,angela.martin@example.com
COMP-284013d2-67e4-4160-974f-e3f880d95e5c,"Olson, Pearson and Martinez",young.net,Technology,5998,10405783.37,+1-221-633-2275x18634,https://young.net,776 Maria Villages,Jacquelineport,AZ,11523,Papua New Guinea,2024-04-29,2024-06-17,dwight.schrute@example.com
COMP-f08b210d-dd3d-45b6-8052-641e94a261fa,Dean-Mcneil,lee-gray.com,Healthcare,1081,45425328.25,9603227542,https://lee-gray.com,03215 Mary Villages,New Paulport,MO,07355,Canada,2022-06-19,2024-04-07,michael.scott@example.com
COMP-d3b85d52-2402-4bbe-8ec0-8ce3de293d15,Ross LLC,carr.com,Non-profit,8658,11661169.05,606.762.5795x428,https://carr.com,69017 Julia Trail Suite 547,Port Brianbury,NV,61603,Eritrea,2023-01-14,2024-12-15,pam.beesly@example.com
COMP-593152f8-7b1d-4b8f-922c-9f859fbc69ba,"Blackwell, Colon and Velez",shaffer.org,Non-profit,1088,29189086.7,642-224-5111x76738,https://shaffer.org,040 Holly Path Suite 090,East Marisa,VI,67624,Nauru,2024-07-26,2024-09-17,jim.halpert@example.com
COMP-bb1d3717-e2f9-4c51-8774-43697617fe3a,"Bailey, Walters and Lewis",barker.com,Healthcare,6595,27485870.22,6266160691,https://barker.com,94942 Alvarado Divide Suite 053,Andersonborough,FL,38049,Fiji,2022-07-09,2025-01-12,angela.martin@example.com
