Ticket ID,Ticket Name,Ticket Description,Ticket Status,Pipeline,Ticket Priority,Create Date,Last Activity Date,Close Date,Ticket Owner,Ticket Source,Associated Company Domain,Associated Contact Email
TICK-19cfe15a-8dd2-43ed-99c1-86a955cdc053,Iterate user-centric schemas,Natural behavior stage discover summer network. Energy rise read operation benefit.,Waiting on us,Support Pipeline,Low,2024-04-14,2025-03-05,,oscar.martinez@example.com,Social Media,lewis-jones.com,josephwilson@example.org
TICK-c33ad6f4-876a-41f3-8223-b5e550ea4671,Grow virtual partnerships,Small training similar past.,New,Onboarding Pipeline,High,2024-09-26,2024-10-04,,kevin.malone@example.com,Social Media,walker.com,timothyrodriguez@example.com
TICK-c27a458e-ac22-446c-89c8-fa39124a2f61,Brand cross-platform architectures,Ball human ball buy.,Waiting on contact,Support Pipeline,Urgent,2023-10-06,2024-05-19,,oscar.martinez@example.com,Form,,laura36@example.net
TICK-5a1b963f-4b70-44cc-b7ec-2661bbda7cdd,Productize holistic bandwidth,Travel per read many image dark.,New,Support Pipeline,High,2024-05-13,2025-01-30,,kevin.malone@example.com,Email,padilla-reyes.com,petersensteven@example.net
TICK-d632184c-60c4-485e-8282-34f2e2aca76c,Redefine out-of-the-box initiatives,Most from gun. Interesting executive suggest east others pretty.,Closed,Onboarding Pipeline,High,2023-12-20,2025-01-05,2025-02-05,oscar.martinez@example.com,Social Media,ortiz.com,iharrell@example.com
TICK-fe2850a4-0a07-440b-90fa-356b199c4a32,Optimize vertical e-commerce,Middle college reach note focus create simple. Nothing cost start military. Success discuss agent owner to just fear point.,New,Onboarding Pipeline,High,2023-09-28,2024-04-02,,kevin.malone@example.com,Form,,nguyenjoseph@example.com
TICK-ea798719-ae73-46c2-8d07-7b237509d8f0,Re-contextualize real-time action-items,Need full process today economy rock. They billion bed listen. According ground ball.,Closed,Onboarding Pipeline,High,2023-07-23,2024-03-05,2024-04-29,oscar.martinez@example.com,Chat,moore.net,tranjared@example.net
TICK-ab6fcf7f-849c-4924-907c-734ca9a6007b,Whiteboard virtual content,Development teach direction. Risk be field charge staff make whole. No turn so although capital by.,New,Onboarding Pipeline,Low,2024-07-18,2025-02-18,,kevin.malone@example.com,Form,franklin.com,bradley56@example.org
TICK-fa5b4c3d-1258-4b66-8d19-ca313fcf9e66,Productize best-of-breed info-mediaries,For want simple close threat about. Attorney series edge.,New,Support Pipeline,Low,2024-04-19,2024-10-16,,oscar.martinez@example.com,Phone,lee-gray.com,carrie98@example.org
TICK-5a70f0ab-da16-4ad1-9025-4f40b944bd0c,Target web-enabled users,Physical audience up something become. Mrs truth type everybody opportunity reason also.,New,Onboarding Pipeline,High,2024-07-25,2025-01-30,,kevin.malone@example.com,Email,garcia.org,jjames@example.org
TICK-f9e9d4fb-87c4-4509-8275-5b790aec9888,Reinvent 24/365 solutions,Building five watch anything range term. Page property visit study with. Choose able we television.,Waiting on us,Support Pipeline,Urgent,2023-12-12,2024-09-26,,oscar.martinez@example.com,Phone,reese.com,sarah61@example.com
TICK-fffaddc4-da39-4f14-a50a-5e3bd299ee86,Synergize plug-and-play eyeballs,Produce whose single unit wear hear much. Someone seek these create firm drive coach. Worker Mr whether pass.,Waiting on us,Support Pipeline,Low,2024-06-30,2024-08-25,,kevin.malone@example.com,Phone,evans-brown.info,shelby43@example.org
TICK-da49bdd8-9e42-4c1f-9642-88911840b73f,Brand granular interfaces,May evidence why guy. Eat matter read international eye.,Closed,Onboarding Pipeline,High,2023-12-26,2024-02-06,2024-03-23,oscar.martinez@example.com,Chat,ortiz.com,alex66@example.com
TICK-3ad3bf25-2d36-4ed0-a29e-4a3510922418,Implement b2c platforms,Wish know parent across fall thing. Home important sure beyond grow.,Waiting on contact,Onboarding Pipeline,Urgent,2024-04-24,2024-07-06,,kevin.malone@example.com,Phone,alexander.com,xmartinez@example.net
TICK-88fd4b54-6cc9-443b-b439-732928965332,Optimize dynamic e-business,Material direction child material head why. Itself sign last forward hour candidate something figure. Ever again hour able build western.,New,Support Pipeline,High,2025-04-20,2025-04-30,,oscar.martinez@example.com,Chat,galvan.org,jessicacastaneda@example.org
TICK-fb85ab09-035b-48ef-8e64-13d72dbb9ed6,Seize global action-items,Listen wonder event religious Democrat lawyer. Focus serve article whole development. Tax food story character billion continue. Pass analysis charge available grow president.,New,Support Pipeline,Urgent,2023-09-02,2023-11-15,,kevin.malone@example.com,Email,delgado-acevedo.com,sclark@example.org
TICK-ba9c1d5c-e03f-4622-800f-cfc44f4bd552,E-enable efficient models,Room beautiful challenge particularly. American often skin seek. Law dinner professor mother scene public.,Waiting on us,Support Pipeline,Low,2024-06-20,2024-11-28,,oscar.martinez@example.com,Form,mclean-ryan.com,annettefritz@example.org
TICK-9eeb6566-8c5b-45aa-95e7-36daf5ceb856,Utilize revolutionary initiatives,Court stage recognize Mr mind summer yet spend. Stop natural reflect technology pull consider then receive.,Waiting on us,Onboarding Pipeline,High,2024-09-10,2024-11-11,,kevin.malone@example.com,Form,,kallen@example.org
TICK-48060ca6-1d4e-416d-b5cb-7a428a25cb50,Deploy compelling niches,Special system ability goal large discover show increase.,Waiting on contact,Support Pipeline,Medium,2024-03-11,2025-01-14,,oscar.martinez@example.com,Phone,alexander.com,frank78@example.net
TICK-1488ef53-a420-4bf8-b6af-4865666c3044,Disintermediate user-centric e-business,Success floor door debate option large. Pm seek receive result occur fund record. Blue chance face memory goal worry north. Argue seek heart drop.,Waiting on us,Onboarding Pipeline,Low,2024-08-15,2025-04-27,,kevin.malone@example.com,Email,tran-bird.com,ellisonsarah@example.net
TICK-84ee92b5-bdc4-4014-8507-ddb8a5e849d1,Synthesize proactive experiences,Always director ability rather stage party. Board concern pick. Nature all must hospital here meeting. Get notice money new degree paper marriage.,Waiting on us,Onboarding Pipeline,High,2023-09-10,2024-09-05,,oscar.martinez@example.com,Social Media,,fmills@example.org
TICK-dc4450ad-cda2-4d78-9930-54fc6014424d,Expedite world-class solutions,Investment him public their word others old. Approach work computer pull local test almost. Least administration use maintain community.,Waiting on us,Support Pipeline,Medium,2024-10-24,2025-02-10,,kevin.malone@example.com,Email,,youngbrian@example.org
TICK-e4aa10c5-096f-4c72-9483-507687328072,Repurpose synergistic content,Film follow research reduce or. Long home people.,Waiting on us,Onboarding Pipeline,Low,2025-01-09,2025-01-24,,oscar.martinez@example.com,Social Media,,jacob76@example.net
TICK-5ebd7b30-b4d2-49a0-a08e-03082daf04f2,Facilitate real-time action-items,Company gun everyone with night. Rule this society attorney perhaps soon.,Closed,Onboarding Pipeline,Low,2024-11-11,2025-02-26,2025-04-26,kevin.malone@example.com,Chat,garrison-medina.com,wbruce@example.org
TICK-6b04fb4c-656a-4318-bcd2-c3419575e155,Orchestrate leading-edge niches,Information according decide relate situation improve low product. Single focus easy news thus per try.,Waiting on us,Support Pipeline,Urgent,2025-02-05,2025-02-09,,oscar.martinez@example.com,Social Media,hubbard.com,johnsonerica@example.com
TICK-581ba752-3522-47db-adec-e9a46f31bbbd,Synergize vertical schemas,Key claim election policy stay difference. Interview today call guy program visit should less.,Waiting on contact,Onboarding Pipeline,Urgent,2023-08-04,2024-11-17,,kevin.malone@example.com,Form,smith-robinson.com,rossscott@example.net
TICK-f556d581-2f16-403c-8c60-8590374f86b4,Deliver cross-media communities,Hot current laugh require character. Store consumer both wait daughter.,Waiting on contact,Onboarding Pipeline,High,2023-12-22,2024-10-29,,oscar.martinez@example.com,Chat,garcia.org,christian11@example.org
TICK-ca39ca74-abce-463d-87f8-0e6de223859c,Disintermediate b2c paradigms,Deal miss ever southern. Find practice reduce before raise positive nearly.,New,Support Pipeline,Medium,2024-12-21,2025-03-19,,kevin.malone@example.com,Email,,bmartinez@example.com
TICK-12f80788-37c6-436c-80be-860d0e63ae34,Synthesize seamless roi,Certainly sign fear perform. Yourself project light paper condition stay. Fund shoulder remember have eye. Throughout thing traditional draw even right role how.,Closed,Onboarding Pipeline,Medium,2025-03-08,2025-04-24,2025-04-25,oscar.martinez@example.com,Email,garcia.org,scott04@example.com
TICK-52e6e5d9-7ecd-498d-bc7a-6e0824d8300d,Streamline sticky bandwidth,Data example tell star cell focus happen name.,Waiting on us,Support Pipeline,Urgent,2024-01-14,2024-05-23,,kevin.malone@example.com,Social Media,sanders.com,omorse@example.net
TICK-742baeee-d1b9-4f09-8fc4-fc0f38f07a96,E-enable distributed channels,Skin issue fish any hard politics between. Only me travel.,Closed,Support Pipeline,Medium,2024-12-22,2025-04-11,2025-04-23,oscar.martinez@example.com,Email,,yvonnebailey@example.org
TICK-474c8218-2208-4b7f-a8ad-7bb95e5eb402,Visualize plug-and-play metrics,Remember it race. Hard consumer image TV bed sign company.,Waiting on contact,Onboarding Pipeline,High,2024-02-04,2024-08-27,,kevin.malone@example.com,Form,,zbutler@example.net
TICK-2c5165ae-e188-49f3-9a3e-960d0f221b80,Redefine turn-key partnerships,Down sometimes newspaper total. Order serve poor indicate. Age race successful.,Waiting on contact,Onboarding Pipeline,Medium,2024-01-22,2024-07-09,,oscar.martinez@example.com,Phone,petersen-scott.com,keith36@example.org
TICK-817a2dcc-3c7c-4413-9a5e-b389e8182c3f,Enhance 24/7 architectures,Challenge need toward listen myself. Film it range amount law. Worry start husband low.,Waiting on contact,Support Pipeline,Urgent,2025-02-19,2025-02-22,,kevin.malone@example.com,Form,,stevenrangel@example.net
TICK-290c76ef-e372-431f-90c1-f0590cf3bb20,Enhance b2c vortals,Beautiful both price. Similar work theory mouth here develop. Purpose bag race house. Common bar near price maybe reveal.,New,Onboarding Pipeline,Medium,2024-10-16,2025-03-10,,oscar.martinez@example.com,Social Media,perez-joseph.com,daniellang@example.com
TICK-d06758ab-d068-40f1-9fd5-bc9ff44df84a,Integrate magnetic bandwidth,Institution discover clearly whatever teacher money TV land. Wind care stage pull particular suggest. Want budget about message market.,Waiting on us,Onboarding Pipeline,Medium,2024-07-25,2024-12-21,,kevin.malone@example.com,Email,,keith56@example.org
TICK-157f5934-d125-4a59-b29f-945f3e0190ca,Morph rich deliverables,Mr activity attention pattern general game central. Population clear second sea. We computer sit character. Own rate relate total season his.,Waiting on contact,Onboarding Pipeline,High,2025-03-08,2025-04-29,,oscar.martinez@example.com,Email,thomas.com,ann80@example.org
TICK-97868191-fccd-4a82-8abc-476b33318e84,Unleash proactive synergies,Wide star maintain husband here soldier standard.,Waiting on contact,Onboarding Pipeline,High,2025-02-25,2025-03-25,,kevin.malone@example.com,Email,santiago-aguilar.com,rstanton@example.org
TICK-957ced57-5ca6-49fd-bf0e-4de7ceecd34f,Re-contextualize extensible methodologies,Part foreign grow car. Leader almost later. Thank discussion remember close able well.,Closed,Onboarding Pipeline,Urgent,2024-05-10,2024-09-09,2025-01-21,oscar.martinez@example.com,Email,cross.com,rhondajordan@example.com
TICK-5a0e3b05-f640-48e9-90fe-fbead234e37b,Synthesize cross-platform synergies,Pressure find trouble fact hear generation less. Support ask only poor other seem. Really suffer worker term scene. Staff start heavy next.,Waiting on contact,Onboarding Pipeline,Medium,2024-08-31,2025-03-22,,kevin.malone@example.com,Social Media,galvan.org,cannonjoshua@example.org
TICK-7c94da47-7fec-4003-be03-0bbe3235f17c,Mesh 24/7 e-commerce,Reflect accept pick nearly role that. Send his front including I inside. Ahead pull second of.,Waiting on us,Onboarding Pipeline,Medium,2024-08-22,2025-04-12,,oscar.martinez@example.com,Email,garcia-brown.com,rknight@example.com
TICK-436be283-608b-451f-be40-58db216ec5ce,Productize bleeding-edge schemas,Himself chance rather sign her share. Apply develop trial college join write.,New,Support Pipeline,High,2024-05-02,2024-05-06,,kevin.malone@example.com,Email,nichols.net,howardmiles@example.org
TICK-d18fa8d6-1338-44ea-82f7-a76f39b851d0,Utilize 24/7 deliverables,Huge eye product method attention always. Raise once perhaps learn billion least over. Choice generation life race play police catch inside. Top tend notice finally young movie.,New,Onboarding Pipeline,Low,2024-03-13,2024-07-06,,oscar.martinez@example.com,Chat,,sarah44@example.com
TICK-49472d82-0d69-42d5-b94d-acfc27b7bd3f,Harness b2b functionalities,Step reach whatever difference. House should end. Thought really foreign work table president.,Waiting on contact,Support Pipeline,Urgent,2025-04-11,2025-04-17,,kevin.malone@example.com,Form,williams.info,michaelking@example.com
TICK-c0d670a6-fac0-435e-a1d6-8af7b3cce053,Enable e-business markets,Type much sound example maintain. Eye continue term represent sister night. Development coach change economic local itself surface until.,Closed,Support Pipeline,Medium,2024-04-28,2024-07-25,2024-09-12,oscar.martinez@example.com,Email,morris-martinez.com,floydmichelle@example.org
TICK-d2b43ac0-d218-4aa9-a086-9d8248e26df7,Generate innovative roi,Least step participant order. Month picture teacher only past. Key Democrat doctor evening pretty.,Closed,Onboarding Pipeline,Medium,2024-05-03,2024-12-14,2025-01-05,kevin.malone@example.com,Social Media,mclean-ryan.com,charlesphillips@example.net
TICK-7cc624fa-aa65-4238-87c5-edbbe4f070af,Empower vertical architectures,Rather half herself very. Base without challenge simple former poor agency.,Waiting on us,Onboarding Pipeline,High,2024-02-15,2025-03-01,,oscar.martinez@example.com,Social Media,cross.com,wjones@example.org
TICK-e4ba2b30-918a-4e70-b677-9c1e206d8b93,Re-contextualize end-to-end communities,Listen discover another economic performance.,Waiting on contact,Onboarding Pipeline,Urgent,2024-01-05,2025-03-20,,kevin.malone@example.com,Phone,thomas.com,alejandrohill@example.net
TICK-2cbe76df-eb7c-4dcc-9ba4-a2db3b0f7fa4,Envisioneer clicks-and-mortar paradigms,None give hear the. Of and record common information a. Perhaps risk about foot nation offer director.,Closed,Support Pipeline,Medium,2023-08-14,2023-11-04,2023-11-27,oscar.martinez@example.com,Form,frost.info,josephestrada@example.com
TICK-8a47ee54-2ddc-4e1e-a40e-7320123e1004,Extend holistic methodologies,Guy your trip interesting then. City student blue practice north maintain common. Life purpose author place staff. Require home catch.,Waiting on contact,Support Pipeline,Medium,2025-04-24,2025-04-25,,kevin.malone@example.com,Form,,chadmoody@example.net
TICK-2778a737-7c4a-41e7-9100-7227227ca8e0,Visualize global web-readiness,Store produce industry. Seek east phone group maybe network.,Waiting on contact,Onboarding Pipeline,Medium,2024-12-11,2025-01-08,,oscar.martinez@example.com,Email,alexander.com,xmartinez@example.net
TICK-3168f51a-a117-425c-ad84-550fcaf0ae82,Leverage b2c e-commerce,Officer strategy material natural. Condition might truth professor establish behind page. Himself too skin.,Closed,Support Pipeline,Low,2024-07-27,2025-04-09,2025-04-20,kevin.malone@example.com,Chat,cross.com,krystalrussell@example.net
TICK-65c6c049-09dc-40b1-800c-9d2a59185cf4,Envisioneer bricks-and-clicks e-services,Discussion involve customer important all deal fire. List class between discuss radio large. Fact vote notice rock.,Waiting on us,Onboarding Pipeline,Medium,2024-02-18,2024-11-02,,oscar.martinez@example.com,Chat,martinez.com,loribuckley@example.com
TICK-df0f9474-3fa5-4c5e-9933-3cb934d7a7d3,Transform user-centric web services,Size physical energy however point claim. Manager glass computer enter try. Fear research none around practice meet.,New,Support Pipeline,Low,2025-02-28,2025-04-21,,kevin.malone@example.com,Chat,jarvis.com,william82@example.net
TICK-5703a0d8-1d75-49f3-bd0f-9b1818982308,Embrace intuitive portals,Something simple thousand within discussion push image. Yourself approach record best. Number woman house education.,Waiting on contact,Support Pipeline,High,2025-02-01,2025-03-09,,oscar.martinez@example.com,Chat,wright.com,xchaney@example.com
TICK-4acf20b8-046c-4114-aae5-cabfbe4cae07,Target cross-platform portals,Table very off defense fire. Product cause step word practice coach. Myself room shoulder meeting former.,Waiting on us,Support Pipeline,High,2024-05-21,2025-02-07,,kevin.malone@example.com,Phone,morton.com,mahoneywanda@example.org
TICK-0940e1fd-5325-440c-a963-578eb4291322,Innovate next-generation architectures,Artist difference face lay together explain. Lose real key on way ground. Ahead rate avoid capital citizen subject since explain.,Waiting on contact,Onboarding Pipeline,Medium,2024-02-29,2024-07-31,,oscar.martinez@example.com,Phone,gardner-hodge.com,crystalanderson@example.com
TICK-9a823ba1-d1e4-40d3-bcbf-adeafd7be86a,Visualize holistic metrics,Leg physical individual beat. Cause including soldier week treatment. Economic third issue southern despite anyone.,Waiting on us,Support Pipeline,Low,2025-03-01,2025-04-02,,kevin.malone@example.com,Email,ross.com,ranthony@example.com
TICK-dffe4d29-969e-468e-a890-c043679708d2,Aggregate b2c systems,Woman system while carry response foreign. Staff possible kitchen enter adult take yes.,Waiting on contact,Support Pipeline,Urgent,2024-02-01,2025-03-26,,oscar.martinez@example.com,Form,,hoffmancarrie@example.net
TICK-9c0e88a0-da77-403f-a6e1-c8a8607bbfa9,Innovate virtual technologies,Policy little movement. Board every quickly despite else increase. Truth seem mean treat his sit least.,Waiting on contact,Onboarding Pipeline,Urgent,2024-07-21,2024-10-29,,kevin.malone@example.com,Chat,brown.com,brent64@example.org
TICK-87697fcb-bc92-4642-8090-1dfb400b22f6,Implement intuitive schemas,Let challenge just station activity person carry. People current property wonder arm. Blood science here soldier federal similar firm.,New,Onboarding Pipeline,High,2024-08-08,2025-02-09,,oscar.martinez@example.com,Email,,steven12@example.org
TICK-0f854721-68e9-48ff-bb1e-79380be6cdbe,Visualize 24/365 bandwidth,Age save mouth series. Relate some beyond American worker. Language cut believe source care.,Waiting on us,Support Pipeline,Medium,2023-07-08,2023-09-28,,kevin.malone@example.com,Email,atkins.biz,briandaniel@example.com
TICK-432e58a7-5669-46b1-b6ca-c159451c789a,Re-contextualize cross-platform systems,Would nice sometimes reflect side. Similar again represent everyone really your.,New,Onboarding Pipeline,High,2025-04-13,2025-04-17,,oscar.martinez@example.com,Social Media,,katie36@example.org
TICK-4c1adde7-27f5-477d-8ea9-ec42a3254f3b,Innovate next-generation action-items,Wear customer number special too three only. Range speak social voice old center.,Closed,Support Pipeline,High,2024-02-19,2024-07-02,2024-08-30,kevin.malone@example.com,Social Media,robles-ware.info,andrewhill@example.net
TICK-b1d97e6d-ccbc-4977-9128-a2f73c414a25,Harness scalable functionalities,First professional art pay mother her. Later mother between gas. Could heart look next us together couple.,New,Onboarding Pipeline,Medium,2023-07-24,2023-11-02,,oscar.martinez@example.com,Email,lucas-welch.com,amandalyons@example.com
TICK-7b0d86a1-51f7-4cc1-bbaa-569dbade13b8,Matrix integrated portals,Think Republican piece born per.,Waiting on us,Support Pipeline,Urgent,2024-08-25,2024-12-01,,kevin.malone@example.com,Phone,,fordjamie@example.com
TICK-8deec69e-9095-4b16-b1df-924636429fff,Engage one-to-one models,Federal it despite shoulder. Property away be.,Closed,Onboarding Pipeline,Urgent,2024-11-18,2025-01-14,2025-01-29,oscar.martinez@example.com,Social Media,lewis-jones.com,michael35@example.com
TICK-667703bd-bc77-46c8-9d54-c3c4dd727034,Architect back-end mindshare,Dark group interview director. Significant thought approach south wish know. Point may region similar trouble summer west so.,Closed,Support Pipeline,Medium,2024-02-17,2024-12-12,2024-12-24,kevin.malone@example.com,Email,robles-ware.info,colonrobert@example.net
TICK-d381c2ed-f96d-4d0e-8d65-d4349eca27dd,Unleash wireless users,Will sing theory what bad live. Far to base author truth. Team sense ground. Point occur authority house station not.,Waiting on us,Onboarding Pipeline,Urgent,2023-09-07,2023-12-23,,oscar.martinez@example.com,Social Media,garrison-medina.com,mwise@example.org
TICK-bafed562-5219-47df-8847-11a863281b9b,Visualize strategic applications,Top produce modern notice. He green analysis stuff.,New,Support Pipeline,Medium,2025-04-09,2025-04-13,,kevin.malone@example.com,Phone,evans-brown.info,katelynpayne@example.net
TICK-f1466510-ce90-4ef4-9dc5-1b91a028a9db,Revolutionize robust channels,Writer should per reflect later. Four family body.,Waiting on contact,Support Pipeline,Low,2023-12-18,2024-05-30,,oscar.martinez@example.com,Form,hudson-ward.biz,bankssean@example.net
TICK-93b97363-f212-4e41-99e5-0cf592b3b4cd,Innovate killer schemas,Congress smile guess player compare ground. Where paper use he quite themselves open.,Closed,Onboarding Pipeline,Urgent,2024-12-24,2025-01-27,2025-04-28,kevin.malone@example.com,Social Media,,heidizimmerman@example.net
TICK-8611eaa9-b073-4f35-84ae-a8d15dbdffe5,Innovate interactive mindshare,Thus fight career road. Meeting medical major. Fly fact week collection. Minute customer Democrat.,Waiting on contact,Support Pipeline,Medium,2024-02-02,2024-07-13,,oscar.martinez@example.com,Chat,,johngregory@example.org
TICK-dab95ca2-b983-4f9a-961d-7b1c0495dd70,E-enable front-end markets,Way economic interview partner same. Tree would body half follow deal.,Waiting on contact,Onboarding Pipeline,High,2024-05-30,2024-07-10,,kevin.malone@example.com,Email,,jarcher@example.com
TICK-ab5eb6f5-7864-4c2b-b311-b2868e6200ff,Facilitate viral schemas,Attack PM energy hold citizen interest. Order see each south dinner position our. Probably body song total reach.,Waiting on us,Support Pipeline,Urgent,2024-07-09,2024-10-21,,oscar.martinez@example.com,Email,berry-page.biz,ifernandez@example.com
TICK-03289c3c-4a7b-4c93-a6df-053262c16d99,Enable seamless solutions,Option charge not use fight.,Waiting on us,Onboarding Pipeline,High,2024-11-13,2025-04-05,,kevin.malone@example.com,Social Media,hudson-ward.biz,nathan72@example.com
TICK-d37b2d65-63d4-415e-9bf9-f74fd176b59e,Incentivize cross-media eyeballs,By base go decade sea media. Your themselves different Congress between although arm spend.,Waiting on us,Onboarding Pipeline,Medium,2023-11-24,2025-04-15,,oscar.martinez@example.com,Social Media,humphrey-brooks.net,zjones@example.com
TICK-4e8d49f2-14b8-493e-86b3-87d6913bfaa5,Maximize out-of-the-box supply-chains,Voice mission trade local view seat send. Environment despite item pass water. Little send likely professor different. Approach step family student likely meeting later young.,Waiting on us,Support Pipeline,High,2023-12-28,2024-11-08,,kevin.malone@example.com,Email,myers.info,jenniferdouglas@example.com
TICK-23c29ec4-5908-4056-af18-3cccd90630f6,Engage magnetic e-markets,Test food red minute night security left. Section light loss happen side chance mind. Current because mind finally.,Waiting on us,Support Pipeline,Low,2025-02-26,2025-03-20,,oscar.martinez@example.com,Phone,,imartinez@example.org
TICK-018f7862-fd65-47a9-8818-cc26a1756705,Synergize bleeding-edge eyeballs,Which system management number. Put treatment mother.,Closed,Onboarding Pipeline,High,2024-04-15,2024-09-11,2024-11-15,kevin.malone@example.com,Social Media,martin.info,gburns@example.net
TICK-50369b95-74c6-4da7-b21d-bff22ff704cc,Whiteboard turn-key e-services,Need player whatever long. Make after strategy their.,New,Support Pipeline,High,2024-03-10,2024-06-08,,oscar.martinez@example.com,Chat,mann-solis.net,yharmon@example.com
TICK-bb7ce51d-24e0-4a5f-80df-717df4a3168a,Repurpose bricks-and-clicks web services,People health authority have since. Someone girl former benefit contain.,Closed,Support Pipeline,Medium,2023-06-07,2024-05-18,2024-11-01,kevin.malone@example.com,Chat,,bergmariah@example.net
TICK-9895091a-701d-4453-ba8e-81a06c399c6d,Monetize collaborative channels,Price sport recently mention then all. Indicate conference ten author manager yeah. Culture song health leg.,Waiting on us,Support Pipeline,Urgent,2023-10-21,2023-11-10,,oscar.martinez@example.com,Phone,,natashakidd@example.org
TICK-e76d5a4c-bb76-4d81-9ea6-4692150134b1,Empower e-business e-business,Compare option medical. Strong event Mr occur. Well section particularly something I goal.,Closed,Support Pipeline,Urgent,2024-01-20,2025-04-24,2025-05-01,kevin.malone@example.com,Phone,grimes.biz,tyler55@example.org
TICK-6871a5b3-e665-40fd-b004-c045ec397e98,Strategize front-end convergence,Seem manage government foot consumer. Agree recently determine hope region hospital mouth. Official choice place rock form important around.,Waiting on us,Onboarding Pipeline,Low,2025-03-25,2025-03-27,,oscar.martinez@example.com,Form,howard-nichols.com,robersondylan@example.com
TICK-56bf0490-6989-4a0a-9837-f262d4869467,Cultivate efficient communities,More month dream during yeah live rise. Machine card even yeah former beyond house.,Waiting on contact,Support Pipeline,Medium,2024-08-22,2024-12-02,,kevin.malone@example.com,Email,barnes.com,kimberly08@example.com
TICK-3af0c2a7-39f6-4638-a2af-9aefb5624e08,Redefine viral communities,Mind wind who rate. Bank role hear ready though car manage.,Closed,Onboarding Pipeline,High,2025-02-07,2025-04-11,2025-04-15,oscar.martinez@example.com,Form,,bonnie71@example.com
TICK-b1568012-3e97-4769-92ed-31899cdfded0,Redefine viral channels,Economic visit shoulder four. No man nearly customer marriage.,Waiting on us,Onboarding Pipeline,Urgent,2024-10-20,2024-11-06,,kevin.malone@example.com,Chat,frost.info,josephestrada@example.com
TICK-a1ce9671-ff38-4ab3-9007-f59dcf983317,Mesh real-time initiatives,Growth arrive modern matter leg difficult admit. Foot hundred our away.,Waiting on us,Support Pipeline,Medium,2023-12-24,2024-10-30,,oscar.martinez@example.com,Form,giles.com,carlwagner@example.net
TICK-1e4f8c0c-d13f-44d1-9096-de4059f3037b,Scale innovative users,Place age allow reduce. Attorney sure walk same part.,Closed,Onboarding Pipeline,Low,2024-12-03,2025-02-09,2025-04-17,kevin.malone@example.com,Email,holmes-navarro.biz,samantha74@example.org
TICK-7a211699-d619-4369-b900-841d17563c29,Empower dot-com relationships,Live development ever perhaps throughout three now. Director reveal exist cut fill piece population. Age oil must.,Waiting on us,Onboarding Pipeline,Medium,2025-01-08,2025-01-10,,oscar.martinez@example.com,Phone,davis.com,jamesholder@example.net
TICK-3d05f64d-62af-49da-b568-eb6cd71c8507,Empower frictionless users,Trip professor against this. Hospital affect local sister realize vote.,New,Support Pipeline,Medium,2024-11-03,2024-12-16,,kevin.malone@example.com,Phone,murphy-downs.biz,hannahkelly@example.com
TICK-bf7afce7-6f94-410a-9fcd-5ea8d7670e12,Morph open-source synergies,Think become outside such. Training TV magazine body decade purpose. Main end child western various probably buy character.,Waiting on us,Onboarding Pipeline,Urgent,2023-10-27,2024-07-15,,oscar.martinez@example.com,Email,english.com,angelahaley@example.org
TICK-917c53b7-18d5-4db2-ac15-885cda58a863,Enhance plug-and-play platforms,Force worker rich score stage trouble structure. Participant us less take challenge road. Activity future imagine not general process actually question.,Waiting on us,Onboarding Pipeline,Medium,2024-08-07,2025-04-27,,kevin.malone@example.com,Email,malone.info,dawn70@example.org
TICK-564779e0-351c-4ba3-a1a4-0ecbda67699c,Utilize impactful eyeballs,Rate edge red here. Baby expect probably continue support challenge.,Waiting on us,Support Pipeline,Urgent,2023-12-31,2024-08-14,,oscar.martinez@example.com,Phone,,bmartinez@example.com
TICK-c3e16c9e-13d8-4477-82b7-d0ff30ad25ff,Iterate b2b interfaces,Letter officer daughter themselves scientist. Responsibility state professional then design his myself.,Waiting on contact,Onboarding Pipeline,Low,2024-04-08,2024-11-24,,kevin.malone@example.com,Form,campbell.com,alejandro45@example.net
TICK-f3ec400c-0cdc-4d8b-9e22-fb04211a7b39,Visualize customized e-tailers,Future interesting evidence. Three specific executive six Mr economy.,Waiting on contact,Onboarding Pipeline,Medium,2024-09-15,2024-10-26,,oscar.martinez@example.com,Phone,giles.com,pereztodd@example.org
TICK-ee3f3f7a-a5c1-42ee-a007-862970f6b102,Benchmark e-business niches,Food plan instead never once. Seat many at.,Waiting on us,Support Pipeline,Low,2024-04-13,2025-01-01,,kevin.malone@example.com,Social Media,williams.com,mlarson@example.org
TICK-4cc5f2d0-add0-44ec-bd42-f5bee035b467,Synthesize revolutionary initiatives,Brother buy record trouble today fact society note. Discuss behind your address design project truth. Over officer mean test.,Waiting on us,Support Pipeline,Medium,2024-03-04,2024-09-22,,oscar.martinez@example.com,Social Media,rodriguez-rodriguez.com,yolanda80@example.org
TICK-029b1daa-9bc6-4b68-bad8-03bfe5a06c64,Cultivate magnetic web services,Consider he reveal exist draw cultural test. Fund around low anyone ahead wish.,Closed,Support Pipeline,Medium,2023-09-24,2024-06-08,2025-02-10,kevin.malone@example.com,Social Media,clarke.org,pmurray@example.org
TICK-316adbf4-2f85-4bac-b163-696231df80c4,Extend best-of-breed web-readiness,Finally Republican author between. Someone increase early onto industry want worry. Respond school prevent meeting.,New,Onboarding Pipeline,High,2023-06-01,2024-12-23,,oscar.martinez@example.com,Phone,simmons-cook.com,lisamorris@example.net
TICK-f41a7c23-baba-41ad-b4bc-98e13c5f6303,Incubate next-generation mindshare,Land close performance part trade. System a none experience both prepare training. Local military line me response upon soon.,Closed,Onboarding Pipeline,High,2024-03-24,2025-01-19,2025-04-11,kevin.malone@example.com,Email,petersen-scott.com,kayla25@example.org
TICK-f856c376-7393-4c39-b051-79173c65b5c4,Enable one-to-one schemas,Particular there physical science financial not. Development play ago her. Above point one small successful want.,Waiting on us,Support Pipeline,High,2024-03-17,2024-05-14,,oscar.martinez@example.com,Chat,lane.com,gabrielle01@example.com
TICK-607077a9-37f1-459e-943e-2c6af10190aa,Envisioneer dot-com eyeballs,Most industry note cover book until believe carry. Control soon president term if mother use. Support eye week past policy chair.,Closed,Support Pipeline,Urgent,2023-07-15,2024-07-18,2024-10-07,kevin.malone@example.com,Chat,horne-chavez.com,jbenton@example.com
TICK-486a3d33-ead7-43ae-b5d8-f408b8e4db1f,Drive wireless networks,Avoid voice direction garden. Building when situation industry sell. Onto reason offer kitchen.,New,Support Pipeline,High,2024-09-25,2025-04-23,,oscar.martinez@example.com,Email,garcia.org,yjordan@example.org
TICK-b6c51e77-32ce-42aa-baa5-91afbab0ff16,Disintermediate 24/7 mindshare,Nature just likely so after available treatment.,Closed,Support Pipeline,Urgent,2025-04-24,2025-04-27,2025-04-30,kevin.malone@example.com,Email,chen-ramirez.com,riossamantha@example.org
TICK-587487eb-e05c-4f0c-9d14-67165c0070ba,Transition viral supply-chains,Likely factor boy thought matter. Truth professor sort author. With they coach choose clearly project. Agree nothing approach attorney.,Waiting on us,Onboarding Pipeline,High,2024-05-16,2024-12-06,,oscar.martinez@example.com,Form,davis.net,jameshill@example.com
TICK-1e2f8506-3e3f-4a98-9e29-4d2bfdb1a47d,Synthesize 24/7 deliverables,Word few generation.,Waiting on contact,Onboarding Pipeline,High,2023-09-02,2023-12-13,,kevin.malone@example.com,Social Media,malone.info,jeremy27@example.net
TICK-3633f81a-f27e-47d5-9746-48b61e3a2355,Facilitate out-of-the-box infrastructures,Future cold opportunity look continue off.,New,Support Pipeline,Urgent,2024-05-24,2024-07-10,,oscar.martinez@example.com,Social Media,alvarez.org,pcallahan@example.org
TICK-e0214aae-55b2-4e25-b0f3-15622309ee74,Generate 24/365 infrastructures,Interesting mission whom argue. Design thing Republican though training yard.,Waiting on contact,Onboarding Pipeline,Urgent,2024-12-20,2025-02-11,,kevin.malone@example.com,Chat,,bergmariah@example.net
TICK-eb5b4400-312e-470f-9a4e-de5181a82f35,Empower impactful e-business,Avoid hotel possible claim. Play appear matter. Difficult sell clearly yard young left ahead.,Waiting on us,Support Pipeline,Urgent,2025-01-16,2025-02-08,,oscar.martinez@example.com,Form,rodgers.com,ijohnston@example.org
TICK-26594fe1-ff09-45fe-b6e9-972887631db6,Leverage virtual deliverables,Heart finally machine crime indicate. Free across successful significant TV least little.,New,Support Pipeline,Urgent,2024-09-24,2025-01-06,,kevin.malone@example.com,Form,,alyssatucker@example.net
TICK-8c43859d-fb36-460d-8f06-1371902c96e1,Envisioneer world-class supply-chains,Indeed might manager on. Now vote marriage lead store our. Drive already always perhaps policy style mind.,Closed,Onboarding Pipeline,Urgent,2023-12-29,2024-04-09,2024-06-16,oscar.martinez@example.com,Phone,yang-haney.com,jessicagarza@example.com
TICK-5158bbbd-63bb-44b9-b2ea-e180e2ee103f,Enable bricks-and-clicks web services,Ahead learn but city future morning. Certain many debate including miss exist leg leg. Product value civil fear successful.,Closed,Support Pipeline,Medium,2024-01-25,2024-09-03,2025-02-02,kevin.malone@example.com,Form,simmons-cook.com,lisamorris@example.net
TICK-b716dfc1-17a8-4063-8e89-3011070128a6,Transition front-end applications,Whatever ball south traditional field person election. Some significant side.,Waiting on contact,Support Pipeline,Urgent,2024-07-25,2024-10-05,,oscar.martinez@example.com,Email,freeman-jones.com,sloanbrian@example.org
TICK-e763bf76-5545-47bf-a41f-c526e579d672,Maximize cutting-edge users,Bring prove relationship quite size. Beat think college high guy. Bag institution human position imagine. He institution more.,Waiting on contact,Onboarding Pipeline,Medium,2023-11-10,2023-12-08,,kevin.malone@example.com,Social Media,grimes.biz,natalie52@example.net
TICK-0b70ba67-adf1-46ab-88d7-2bc7cae7b6c6,Transform revolutionary bandwidth,Environment or million system. We least off.,Waiting on contact,Onboarding Pipeline,High,2023-11-03,2024-03-11,,oscar.martinez@example.com,Social Media,jimenez.com,rileytammy@example.net
TICK-6f3b87ef-5ac7-4ddc-ac6b-3833ffae7850,Scale bricks-and-clicks systems,Result help pay some his already. As soldier forward good sure week. Particular imagine former should worker yes speech.,New,Onboarding Pipeline,Low,2025-01-27,2025-02-16,,kevin.malone@example.com,Phone,henderson-leach.com,davisdavid@example.com
TICK-cbe4b276-f5c2-4ce4-ba19-6a55914f0057,Aggregate customized systems,Better program general buy question. Behind key population race. I call hospital hear bad break.,Closed,Support Pipeline,High,2025-01-22,2025-03-02,2025-03-11,oscar.martinez@example.com,Email,suarez.info,kjohnson@example.net
TICK-0313e171-4b1e-4539-baae-a28ffe023cad,Strategize proactive synergies,But simply really community message. Join moment notice interesting position mission sit own.,Closed,Onboarding Pipeline,Medium,2024-07-09,2025-01-23,2025-03-06,kevin.malone@example.com,Phone,roth-holmes.biz,edickson@example.org
TICK-ab439a09-5e4d-4d71-aa5b-14fedc33fcbd,Redefine revolutionary e-markets,Stop could vote occur treat up important. Drive since purpose feel also beat action likely.,New,Onboarding Pipeline,Medium,2024-08-25,2025-03-11,,oscar.martinez@example.com,Form,harris.com,richard33@example.org
TICK-be7226c9-b00b-4502-82ad-de2f125b7fcf,Visualize extensible platforms,Hard range baby table seem. Commercial can idea decision trade here seat plant. Spring number maintain either management pretty five. Section owner medical force maybe.,Closed,Onboarding Pipeline,High,2024-01-28,2024-12-22,2025-04-21,kevin.malone@example.com,Phone,morris-thompson.com,umacdonald@example.com
TICK-e91fa752-fa67-421f-9fa1-d12f47eebe2a,Maximize dynamic e-tailers,Ground one bag century laugh include. Over be top plant gas record. Whose technology ago class argue. Big positive plant drug letter develop.,Waiting on contact,Onboarding Pipeline,Urgent,2025-03-29,2025-04-12,,oscar.martinez@example.com,Chat,garcia.org,martinezjeffery@example.com
TICK-f93cf011-f618-4e32-b914-b4d863357ea6,Morph world-class paradigms,Hand threat place tree. Own glass scientist summer.,Waiting on us,Onboarding Pipeline,High,2024-02-26,2025-01-07,,kevin.malone@example.com,Form,kennedy-gordon.info,pwolfe@example.com
TICK-c1dcbc41-336e-4a90-baa5-c759c331105e,Monetize holistic partnerships,Yard product discussion never interest.,Closed,Onboarding Pipeline,Urgent,2025-02-23,2025-02-27,2025-04-11,oscar.martinez@example.com,Email,suarez.info,erica45@example.com
TICK-604532a2-9544-4a86-8608-2bdde9a159fd,Envisioneer viral e-markets,Decide score beyond character address. Finish standard its low. Call myself our management be fine computer.,Waiting on contact,Onboarding Pipeline,Urgent,2023-11-10,2024-11-21,,kevin.malone@example.com,Social Media,keller.com,davidjohnson@example.net
TICK-ab4ae44b-99ba-4920-a987-ec0acb914621,Productize integrated methodologies,Feel finish material there hold. Possible arrive way wind page matter.,Closed,Onboarding Pipeline,Medium,2024-06-13,2025-03-27,2025-04-26,oscar.martinez@example.com,Form,,jaclynperez@example.org
TICK-9b6ae6c0-811e-49c9-a1bb-141557c7683c,Deliver web-enabled web services,Pattern present learn statement meeting on.,Closed,Onboarding Pipeline,Medium,2024-02-15,2024-04-28,2024-06-20,kevin.malone@example.com,Email,hudson-ward.biz,gregory89@example.org
TICK-7e4f3d76-e8c1-47d0-81f4-5a6baadd7fe5,Mesh transparent convergence,Street story fact result start raise bank country. Away authority structure bad data now.,New,Support Pipeline,High,2024-05-03,2024-12-25,,oscar.martinez@example.com,Form,gutierrez.com,philip34@example.com
TICK-6dd40ec8-3585-43e1-bfbb-d1d1dfe056ec,Engineer vertical metrics,Radio often player through. Sing close rise audience name assume. Six size ball sound product child security four.,Waiting on us,Support Pipeline,Urgent,2024-02-11,2024-10-10,,kevin.malone@example.com,Email,fernandez.com,xross@example.org
TICK-2f9846aa-1c14-4184-8ef6-dd7f948e2847,Whiteboard mission-critical systems,Never yes tree drive could room section. Which law unit feel place. Theory place ready box mouth yourself public.,Closed,Support Pipeline,Urgent,2024-02-21,2024-04-04,2024-08-06,oscar.martinez@example.com,Social Media,,jessicashields@example.net
TICK-14cfd37b-81f8-4255-9722-85df2541e185,Target value-added portals,Build feel police time local world executive. Child three music join. Security walk recently dream him. Respond event sing recent.,Closed,Onboarding Pipeline,Urgent,2024-05-30,2025-02-07,2025-04-01,kevin.malone@example.com,Form,bradley-bowman.net,tammyperez@example.org
TICK-b5661e9a-d89c-4150-8041-2e5a57163744,Disintermediate integrated relationships,Base admit before effort exist green forget. Political environmental science station again.,Waiting on contact,Onboarding Pipeline,Medium,2023-12-27,2025-02-25,,oscar.martinez@example.com,Chat,padilla-reyes.com,lisamccoy@example.com
TICK-a7394181-d623-4856-93cd-96692a8564d4,Monetize wireless markets,Pretty spring simply agency especially source affect authority. Ground fact sure us. Season save deep key.,Waiting on us,Support Pipeline,Medium,2023-09-03,2024-03-26,,kevin.malone@example.com,Phone,moore.net,laura16@example.com
TICK-cb77a429-3f0c-4d85-81d6-577ac91550ef,Transform 24/7 web services,Well worry parent try finally fall. Able bag child today meet than win. Including rich in pressure.,Waiting on contact,Onboarding Pipeline,Urgent,2024-09-29,2025-03-01,,oscar.martinez@example.com,Chat,simpson.com,parkerdaniel@example.org
TICK-d59730ab-116b-423f-818e-44ac89e5b470,Drive collaborative communities,Economic job work it chair lot.,Waiting on us,Onboarding Pipeline,High,2024-09-05,2025-04-22,,kevin.malone@example.com,Phone,,johngregory@example.org
TICK-7b8fdaa9-3e06-4c17-9b34-ce2fdbf9b3ef,Integrate intuitive methodologies,Age guess base about story. Here build concern.,Closed,Onboarding Pipeline,Urgent,2024-07-24,2025-02-07,2025-02-15,oscar.martinez@example.com,Social Media,,deankendra@example.com
TICK-a576842c-3460-4d49-b768-3a2dd55ecd3a,Deliver strategic users,Create lead address off. Watch really war race bar control.,Waiting on contact,Onboarding Pipeline,Medium,2024-07-21,2024-09-14,,kevin.malone@example.com,Chat,,charlesgray@example.net
TICK-b072248f-f641-477f-9210-157dbdc25b2a,Target next-generation info-mediaries,Support sit understand always wind son. Three lawyer certain.,New,Support Pipeline,Low,2023-08-14,2024-07-11,,oscar.martinez@example.com,Social Media,osborn.com,kylegonzalez@example.net
TICK-f593b9db-3f36-42e6-90c8-cb035f2e79a3,Architect leading-edge technologies,Road control citizen unit. Miss while player avoid than. Fire put learn enough water respond.,New,Support Pipeline,Urgent,2024-09-10,2024-11-06,,kevin.malone@example.com,Email,,shernandez@example.net
TICK-e9143d5e-20d6-4e20-898c-cd957fd6ba4b,Innovate cutting-edge convergence,Film wear nature scene phone hard not. Political issue all recognize area writer. Its section bed base. Similar why three only every.,Waiting on contact,Onboarding Pipeline,Low,2025-01-01,2025-01-19,,oscar.martinez@example.com,Social Media,bush-phillips.info,christopher92@example.com
TICK-da9c8abc-98d6-40eb-a12e-9bf80a56fd7d,Extend proactive portals,Investment brother factor believe hundred price. Indeed note real message way read. Scene behind out city card level social.,New,Support Pipeline,Urgent,2024-10-28,2025-04-26,,kevin.malone@example.com,Social Media,flores.info,xwilliams@example.com
TICK-f2ddb36c-f3a7-4142-a752-aa819eb74169,E-enable real-time metrics,Sound my save. Hospital about any.,Waiting on contact,Support Pipeline,Low,2024-02-07,2024-09-17,,oscar.martinez@example.com,Email,,lisabrown@example.org
TICK-f7d045df-8579-45f0-9e4a-32d4ac886f25,Harness interactive partnerships,Rock choose exactly Mrs present benefit current. Art approach young already analysis trip Mr.,Waiting on us,Support Pipeline,Low,2024-02-22,2025-02-11,,kevin.malone@example.com,Chat,rasmussen.com,paigestuart@example.net
TICK-b9eb5509-c4ba-4f86-80eb-5353a9479e65,Synergize real-time markets,Miss news free hear me position political. Camera true teach week.,Closed,Support Pipeline,Urgent,2024-04-05,2024-04-05,2024-10-22,oscar.martinez@example.com,Chat,perkins-davis.net,andrew27@example.net
TICK-215b0b08-c700-4f42-874e-11bf0083bb3f,Generate cross-media users,Course place range cut wife type. Few always like. Site light nearly garden significant. As should instead of attack if avoid.,Closed,Support Pipeline,Low,2023-09-26,2023-10-31,2024-07-30,kevin.malone@example.com,Phone,,tfloyd@example.com
TICK-6970bf26-d2b6-489f-9a6f-c3ffc00303b5,Orchestrate enterprise metrics,Environmental create conference artist design use customer.,Closed,Support Pipeline,Low,2023-09-18,2024-09-07,2025-04-03,oscar.martinez@example.com,Social Media,,dawn19@example.org
TICK-ae809869-4675-4ab9-91de-b25384375bf6,Re-intermediate cross-platform architectures,Late someone nature tax wind agreement. Kid whatever degree crime bad. Head make big quality heart certain day.,Waiting on us,Onboarding Pipeline,Urgent,2024-06-15,2025-03-19,,kevin.malone@example.com,Social Media,jarvis.com,william82@example.net
TICK-f2e8c527-fa01-4042-b5e8-fddf9af8347f,Synergize integrated convergence,Loss whatever fund more fear car. Travel article difference story plant evidence allow. Mouth stock professor across pretty individual room. Second past town notice.,New,Onboarding Pipeline,High,2024-04-10,2024-04-30,,oscar.martinez@example.com,Form,chavez-morrison.com,munozjames@example.com
TICK-424fe22d-7093-4b7c-bdbf-f7f2632a6729,Maximize innovative e-business,Issue read once talk artist expect official. Customer page sea various bill yet little. Themselves light know five financial old president.,Waiting on us,Support Pipeline,Urgent,2023-08-12,2024-01-01,,kevin.malone@example.com,Social Media,lewis-jones.com,josephwilson@example.org
TICK-5b4541a0-93ad-4c9e-adda-16ecafdaaf0c,Transform killer e-markets,Culture individual woman however traditional. Debate head poor west task. Response look sit speak particular.,Closed,Support Pipeline,Urgent,2023-06-11,2024-03-17,2024-11-20,oscar.martinez@example.com,Email,alvarez.org,pcallahan@example.org
TICK-3b57ea68-afca-4cf3-acda-fdffdcf05932,Productize web-enabled networks,Term thus much. Fear tell that property and attack process could. Popular professional continue put should. Pay usually level think yourself firm meeting us.,Waiting on contact,Support Pipeline,Low,2023-09-28,2024-09-15,,kevin.malone@example.com,Form,simmons-cook.com,jesuslewis@example.org
TICK-72e5e335-0d63-406e-8eb6-fa1cab759a47,Disintermediate one-to-one technologies,Argue commercial manager up hair. Poor pretty subject lawyer.,Waiting on contact,Support Pipeline,Medium,2024-03-15,2024-12-27,,oscar.martinez@example.com,Social Media,flowers.net,david64@example.org
TICK-b63fa80e-fab8-4444-b276-0f92e39210dc,Optimize innovative portals,Suffer kind situation cultural try carry. Energy level be cold ahead site agent.,Waiting on contact,Onboarding Pipeline,Urgent,2023-07-23,2023-10-20,,kevin.malone@example.com,Email,erickson.biz,salinasgeorge@example.net
TICK-2f0797c4-cde5-4b3e-ab7a-23c7dd5b80f1,Utilize cross-media mindshare,Woman out control note same. Collection first several lead public decade own finally. Better check example pretty.,New,Support Pipeline,Urgent,2025-01-18,2025-02-07,,oscar.martinez@example.com,Phone,chavez.net,matthew46@example.net
TICK-b535ea40-6bb5-47c1-abf5-b8ab1db6ee3c,Drive b2b methodologies,However option tax popular six benefit. Time degree very claim often. Perhaps me personal. Between election job meet others music.,New,Onboarding Pipeline,Medium,2023-07-22,2023-10-07,,kevin.malone@example.com,Phone,yang-haney.com,lthomas@example.org
TICK-a333821e-286c-46f8-aa98-f04cc8cc8f70,Monetize 24/7 experiences,Still yourself investment real gas purpose fish you. Deal treatment like let focus character blood.,Closed,Onboarding Pipeline,High,2024-12-15,2025-01-24,2025-05-01,oscar.martinez@example.com,Form,williams.info,michealfrey@example.org
TICK-34cb7bbe-ccee-4e04-98ed-73dc5893ca02,Mesh 24/7 deliverables,System condition so pressure. Happen these hold land movement. Space usually performance than college example. Reach wide nor buy direction.,Closed,Onboarding Pipeline,Urgent,2024-03-04,2024-12-02,2025-02-27,kevin.malone@example.com,Form,barker.com,jking@example.com
TICK-22853a84-c9d6-487d-a533-c7b08764af06,Iterate b2c markets,Require rich this.,Waiting on us,Onboarding Pipeline,Urgent,2024-01-23,2024-07-29,,oscar.martinez@example.com,Chat,sanders.com,leenicole@example.org
TICK-b7852218-1a45-4437-8209-79334c4ca044,Revolutionize 24/7 architectures,Service garden world travel pretty and thousand. Region nature may mother. World along level.,New,Support Pipeline,Low,2023-12-06,2024-09-04,,kevin.malone@example.com,Chat,,mooredavid@example.org
TICK-f4a46cb9-c4e9-4511-a817-f700b7898166,Matrix global infrastructures,Six half front. Marriage son pick some available culture hot per.,Waiting on us,Onboarding Pipeline,Urgent,2024-10-02,2025-04-11,,oscar.martinez@example.com,Social Media,flores.info,taylorrobertson@example.org
TICK-dcdbc23a-e67e-44db-be9d-63373693a803,Enhance integrated vortals,Outside right resource night box. Several develop talk write. Machine someone just federal dinner fund police.,Closed,Support Pipeline,Medium,2025-04-13,2025-04-13,2025-04-19,kevin.malone@example.com,Chat,smith.net,omcdonald@example.org
TICK-9e9cf229-d90e-4e6b-82d7-717e49bbf350,Generate scalable niches,Spend down gun morning suffer. Subject last instead live anything head. Effect notice consider use paper much short heavy.,Waiting on us,Support Pipeline,Medium,2025-03-21,2025-04-26,,oscar.martinez@example.com,Email,bradley-bowman.net,tammyperez@example.org
TICK-f4fc9edc-5f3e-4443-bdbf-fece2b6ceae9,Scale revolutionary e-services,Size significant watch sea own American manage. Report respond himself teacher.,Waiting on contact,Onboarding Pipeline,High,2024-05-10,2024-12-05,,kevin.malone@example.com,Social Media,roach.info,qhicks@example.net
TICK-9873ae16-2318-4c38-a8e1-086138e19326,Engineer transparent schemas,Chance place middle either. Response garden much sort involve beautiful on.,New,Onboarding Pipeline,Low,2023-09-05,2025-01-31,,oscar.martinez@example.com,Form,reese.com,sarah61@example.com
TICK-45f04b0f-840a-4d44-ac4c-60b86f77d44d,Scale cutting-edge content,Marriage general effort break center bar. Others at hit tend expert else there.,New,Onboarding Pipeline,Medium,2024-10-16,2024-12-30,,kevin.malone@example.com,Form,,aroman@example.com
TICK-a582022b-5225-4d30-8c79-6b53460b9f55,Extend one-to-one technologies,Sister analysis dream future. Story determine once Republican. Effect morning former order manage its. Tend land one return director attention activity.,Closed,Onboarding Pipeline,High,2024-01-13,2024-01-29,2024-06-07,oscar.martinez@example.com,Phone,barnett.com,hallseth@example.org
TICK-9cd9ef47-9613-4b01-b641-1abf62f54acb,Re-contextualize bleeding-edge applications,Check TV down gas know be. Fact my house medical purpose within peace. Suddenly general at her energy push.,New,Support Pipeline,Urgent,2024-06-02,2025-03-02,,kevin.malone@example.com,Social Media,bush-phillips.info,proctorstacy@example.org
TICK-6d38e303-a7f7-47a7-a632-4b56a5ea3313,Scale integrated supply-chains,Perhaps until defense TV necessary information dog. Set over simply statement miss. Along increase night today avoid college shake.,Closed,Onboarding Pipeline,Medium,2024-07-21,2024-10-19,2025-01-13,oscar.martinez@example.com,Phone,,jessica13@example.net
TICK-0d56357e-61fe-43a9-99d0-973a797264d4,Expedite 24/7 solutions,New pick floor social everybody. Any since we size party seem. Some pretty number rock star together who.,Closed,Onboarding Pipeline,High,2024-03-25,2024-11-24,2025-04-20,kevin.malone@example.com,Social Media,barker.com,jking@example.com
TICK-34b294f1-4e81-4c33-9db5-2fd7fe80bdb7,Embrace enterprise vortals,Energy imagine available anyone nation century. Everything question ball.,Closed,Onboarding Pipeline,High,2025-04-08,2025-04-09,2025-04-14,oscar.martinez@example.com,Phone,,orobinson@example.org
TICK-e96ed213-ad6c-40e3-b370-b6e2731fcc52,Reinvent compelling action-items,Surface weight body prove from different throw center.,Waiting on us,Support Pipeline,Urgent,2024-03-13,2024-12-01,,kevin.malone@example.com,Chat,,gilbertjones@example.net
TICK-0a2ee7d5-bab3-4f88-9dee-ac5f22d8b8c1,Morph innovative partnerships,From anything blood other should. Beautiful sing market I present might send. Director per to.,New,Support Pipeline,High,2024-08-21,2025-02-10,,oscar.martinez@example.com,Email,carter.com,qmorris@example.net
TICK-9355e6a7-31bd-4167-a8c3-0bfd6b1f0c33,Revolutionize virtual e-commerce,Fish sure different those citizen receive commercial. Remember low family move. Suggest idea pattern century eye society.,New,Support Pipeline,High,2025-03-06,2025-04-12,,kevin.malone@example.com,Social Media,giles.com,guerrapaul@example.com
TICK-4c849463-34ac-4c67-9e3b-bcd631bea171,Benchmark front-end interfaces,Decide radio staff response take myself score. Walk could simply them. Experience according hope nature soon yard professor. Money early customer well car these.,Waiting on contact,Onboarding Pipeline,Urgent,2023-07-24,2023-10-29,,oscar.martinez@example.com,Chat,,cody53@example.com
TICK-021068ec-ca25-47a3-a66a-5d4a927e5654,Mesh sticky deliverables,Hair however possible season of long indicate. Property respond method accept their.,Waiting on us,Onboarding Pipeline,Low,2023-12-23,2024-11-01,,kevin.malone@example.com,Form,perkins-davis.net,andrew27@example.net
TICK-4c9dbd42-b835-4522-ae76-dee76ed18166,Transform granular channels,Stand rich conference herself. Next part when administration pass. Think nice administration pass as.,Waiting on us,Onboarding Pipeline,High,2025-02-26,2025-03-17,,oscar.martinez@example.com,Form,kennedy.com,markfrank@example.net
TICK-6ad5ec4b-a45f-454c-aeb6-d3c45f51b92f,Aggregate revolutionary interfaces,Window know exist eye place.,Closed,Onboarding Pipeline,Medium,2025-01-07,2025-04-15,2025-04-18,kevin.malone@example.com,Email,,fordjamie@example.com
TICK-f7e86c43-35ea-4846-971e-1a439ce83ff8,Scale revolutionary communities,Bad notice decision should happy result. Chair act save budget modern us learn theory. Present by region.,Waiting on contact,Onboarding Pipeline,High,2024-10-05,2024-12-11,,oscar.martinez@example.com,Phone,hamilton.com,lisalawson@example.org
TICK-ff5ceaa7-ad4a-4a3f-9f5d-60445b3df00d,Synthesize synergistic niches,Design data level at. Word training serious structure stay near issue. Fall lead current also second simple.,Waiting on contact,Onboarding Pipeline,Medium,2024-10-03,2024-11-27,,kevin.malone@example.com,Form,erickson.biz,salinasgeorge@example.net
TICK-a54b2d53-bdc7-4115-98d6-92b1dfd0f924,Benchmark plug-and-play networks,Like prevent figure. The save PM there.,Waiting on contact,Onboarding Pipeline,Medium,2023-12-02,2024-08-07,,oscar.martinez@example.com,Phone,hudson-ward.biz,nathan72@example.com
TICK-0419c1a3-dc55-42c8-9170-dc99b1e0798f,Incentivize intuitive niches,Music use close four along. Young thus house any writer.,Waiting on us,Support Pipeline,Low,2024-08-05,2025-01-22,,kevin.malone@example.com,Form,holmes-navarro.biz,samantha74@example.org
TICK-441e15bc-eaea-4c15-ad69-9705100b235d,Deploy b2c infrastructures,Cost camera quite particularly scientist.,Closed,Onboarding Pipeline,Urgent,2023-08-04,2023-09-11,2025-02-16,oscar.martinez@example.com,Form,mann-solis.net,terri55@example.org
TICK-696820e4-8fb2-4c8b-8f2f-e103a0361093,Generate vertical synergies,Exactly audience up hope source. Federal she sit occur. Wish help report computer.,New,Support Pipeline,High,2024-11-14,2024-12-30,,kevin.malone@example.com,Form,hall.com,thompsonrodney@example.com
TICK-4fddf227-1a9e-4cb3-adc2-85a40610fbf9,Facilitate leading-edge initiatives,Likely trial out learn.,Waiting on us,Onboarding Pipeline,Urgent,2024-12-30,2025-02-21,,oscar.martinez@example.com,Social Media,,colleenayala@example.net
TICK-5ed3c974-fef3-471c-af82-0e621fb626be,Redefine clicks-and-mortar content,Color live important modern foreign learn. Something indeed pay network continue face. Much my air require evening fight.,Waiting on us,Support Pipeline,Medium,2024-04-23,2024-08-06,,kevin.malone@example.com,Email,,desireedavis@example.org
TICK-d7c293d3-7359-4fdb-bb63-5b0ec2e49d42,Disintermediate world-class vortals,His effect line little provide me. End officer have cut three such drop. Through hour test.,Waiting on contact,Onboarding Pipeline,High,2023-10-21,2025-03-08,,oscar.martinez@example.com,Form,,robertmcguire@example.com
TICK-7a48d6f9-594d-4b24-b15c-1a23f62c1e27,Target turn-key functionalities,Soldier movie high range economy around none. Analysis newspaper according list. Maintain according thus activity drive.,Closed,Support Pipeline,High,2024-02-05,2025-04-07,2025-04-15,kevin.malone@example.com,Form,,colleenayala@example.net
TICK-4ae3abbe-39b0-4c82-9d0c-630e4c93a4a8,Seize plug-and-play functionalities,Employee generation reach exist change mouth. Decide room street message.,Waiting on contact,Support Pipeline,Urgent,2024-04-19,2024-08-25,,oscar.martinez@example.com,Chat,carter.com,pughandrea@example.org
TICK-b5e2f0f3-63fb-4b9c-8307-954f58b2bc0d,Iterate ubiquitous schemas,Yard adult key table item. Discussion protect perhaps war heart agree back.,Waiting on us,Onboarding Pipeline,Medium,2023-09-03,2024-06-06,,kevin.malone@example.com,Phone,humphrey-brooks.net,roachethan@example.net
TICK-f62edc60-aafa-4dfe-8037-2df9864857de,Deploy 24/7 metrics,Old affect call image natural. Some mouth future hospital talk investment full. Commercial week clearly kitchen.,Waiting on contact,Support Pipeline,Low,2024-12-07,2025-04-24,,oscar.martinez@example.com,Phone,,kellysmith@example.com
TICK-77567793-7283-4453-8dbf-2370957c7ecb,Re-intermediate rich relationships,Him sell step appear dinner. Focus control score fine American. Go option would.,Waiting on us,Onboarding Pipeline,Medium,2024-06-04,2025-03-09,,kevin.malone@example.com,Phone,wright.com,keith43@example.com
TICK-212c67cc-6a58-4796-bbc1-f6ded33102f0,Extend wireless vortals,She above hair set range interesting price. Crime buy home travel. Animal arrive indicate both fish spend visit shoulder. Military another according produce yeah news hear court.,Closed,Support Pipeline,High,2024-06-06,2024-07-26,2025-01-16,oscar.martinez@example.com,Social Media,alexander.com,danielleallen@example.org
TICK-73a07356-1217-4571-bb6e-b08cbe124f0a,Aggregate impactful models,Continue former town behind teach system.,Closed,Onboarding Pipeline,Low,2024-02-16,2024-06-01,2025-01-03,kevin.malone@example.com,Email,,iadams@example.org
TICK-6d62bdd9-3612-45d1-9b42-67397ca0c23e,Repurpose open-source bandwidth,Interesting skill weight beyond. Tonight network parent home your develop. Window she education list popular evening part.,Waiting on us,Support Pipeline,Medium,2024-08-11,2024-10-20,,oscar.martinez@example.com,Email,olson.com,tyler44@example.org
TICK-5f8a3ed9-5800-4f17-98a0-c145b57d6f81,Engage web-enabled action-items,Drive evidence social benefit special kind offer. Interest order issue toward manager. Time agency push enough song.,New,Onboarding Pipeline,Low,2023-12-01,2024-12-04,,kevin.malone@example.com,Form,,jacobanderson@example.com
TICK-d84a264c-c14b-4f7a-bc22-3c8c807b9455,Enhance efficient relationships,Particular others hour several education specific. Threat appear at financial impact visit pay mother.,Waiting on us,Support Pipeline,High,2024-12-16,2025-01-10,,oscar.martinez@example.com,Form,,anthony02@example.com
TICK-1c1b440e-5053-4732-afea-fd71f533bd4b,Envisioneer synergistic info-mediaries,Off trade wife. Create base produce decide relate professor. Whatever material raise stand film.,New,Onboarding Pipeline,Medium,2024-03-21,2024-04-30,,kevin.malone@example.com,Form,golden.info,kelly98@example.org
TICK-12434757-5b24-4d15-8218-11d07c399dfe,Harness front-end platforms,After single present vote close turn pretty. No power both project speak law bank. Less have summer recently everything.,New,Onboarding Pipeline,High,2023-06-10,2023-08-11,,oscar.martinez@example.com,Chat,perez-joseph.com,daniel84@example.net
TICK-d53c02fe-be7f-45e0-97be-e09ca60913b2,Evolve visionary mindshare,By growth hundred notice card wear newspaper. Beat I speak behavior describe price. Which fire attention significant.,Waiting on contact,Onboarding Pipeline,Low,2025-04-20,2025-04-23,,kevin.malone@example.com,Email,,henrystewart@example.com
TICK-77280fca-cb92-44f7-87b3-194e15dd522f,Implement web-enabled supply-chains,Coach sound join challenge. Lay loss their watch. Interview difference character three find during represent.,Waiting on us,Support Pipeline,Urgent,2024-02-26,2024-05-01,,oscar.martinez@example.com,Phone,freeman.net,dianetaylor@example.com
TICK-71dd2389-5e7a-4440-97df-2ea200802a72,Transform killer technologies,Though good minute news research item. Such create final many today several.,Closed,Onboarding Pipeline,Medium,2024-11-14,2024-12-31,2025-03-31,kevin.malone@example.com,Form,,dpatel@example.com
TICK-b0cd6465-6707-4cef-9e1d-43dedf19d26f,Monetize proactive technologies,Approach television sing white build. View adult foot century.,New,Support Pipeline,Medium,2024-06-27,2024-08-18,,oscar.martinez@example.com,Email,clarke.org,pmurray@example.org
TICK-2276a628-9974-4221-a112-3117aede460f,Transform back-end e-tailers,Democrat choose subject important player certain.,Waiting on contact,Onboarding Pipeline,Medium,2025-01-24,2025-04-29,,kevin.malone@example.com,Phone,perkins-davis.net,andrew27@example.net
TICK-e5b6cd28-c6f4-4670-a13d-4658436254b3,Implement mission-critical models,Prevent majority he firm idea. Manage activity commercial ago civil play. Bank put question stay dinner they.,Waiting on us,Onboarding Pipeline,Low,2024-06-16,2025-02-11,,oscar.martinez@example.com,Phone,yang-haney.com,kayla74@example.com
TICK-e71420c1-b99c-45be-878c-7072e2d8772c,Revolutionize integrated users,Other off assume single. Compare each girl single. Industry response decision choice land increase. Same tonight decade social order wife.,New,Support Pipeline,Low,2024-10-25,2025-02-19,,kevin.malone@example.com,Chat,montgomery.net,tranpamela@example.org
TICK-0f42086d-0442-49d0-a385-e1203c0f498f,Utilize customized bandwidth,West serve consumer support. Form economic spring have.,Waiting on us,Onboarding Pipeline,Low,2025-04-22,2025-04-26,,oscar.martinez@example.com,Chat,holmes-navarro.biz,timothy99@example.org
TICK-d9a74031-e313-43aa-8543-f3f270e8504c,Incentivize distributed interfaces,Cover religious own tough understand democratic knowledge. Opportunity free specific if much listen ball. Read travel affect white our success.,Waiting on contact,Support Pipeline,High,2024-01-01,2024-03-18,,kevin.malone@example.com,Phone,carter.org,alyssa06@example.org
TICK-86dd02df-627c-46a9-b2c6-188bd5d50b80,Productize dynamic portals,Range always wind. Blue its during. Must family skin religious best appear. Relate also machine race.,New,Support Pipeline,Low,2025-04-02,2025-04-10,,oscar.martinez@example.com,Email,thompson-reed.org,qbutler@example.com
TICK-0c393cbf-c1e9-4708-92ee-1464307ae946,Incubate strategic users,Report current deep democratic manager conference city.,Closed,Support Pipeline,Medium,2024-06-22,2025-04-14,2025-04-29,kevin.malone@example.com,Social Media,gaines.com,toddlewis@example.net
TICK-4465177c-820c-4815-a15c-6f299e57c1fe,Facilitate intuitive metrics,Information art dark activity alone face across. Need commercial head. Consumer like expect mean race police.,New,Onboarding Pipeline,High,2024-02-11,2025-01-21,,oscar.martinez@example.com,Form,,tarahoover@example.com
TICK-0d8c54df-d048-4327-9d88-3a4ea915ac71,Mesh virtual infrastructures,Fear act return gas under. Animal claim future small spring lose. Somebody police town enough. Any price each product commercial child financial.,Closed,Support Pipeline,High,2023-07-23,2025-04-24,2025-04-27,kevin.malone@example.com,Social Media,chen-ramirez.com,morganosborn@example.org
TICK-d1c56b4a-7835-47e8-8461-c399d827587d,Optimize dynamic technologies,Box matter nature.,New,Support Pipeline,High,2025-01-15,2025-02-11,,oscar.martinez@example.com,Form,,garciamichael@example.net
TICK-51ce36a5-63b0-4ccb-90f8-1208bcb5ae71,Aggregate 24/7 portals,Nature woman language choose operation. Company listen science friend sense leader approach major.,Waiting on us,Onboarding Pipeline,Low,2025-01-26,2025-04-30,,kevin.malone@example.com,Chat,jimenez.com,jimenezlori@example.net
TICK-260c58c3-4fef-4c33-bdd6-5688b5ec58b2,Iterate web-enabled architectures,Level southern although customer degree baby big. Customer anything training. Month open eye by. Number above state leg common.,Waiting on contact,Support Pipeline,Urgent,2024-01-20,2025-04-01,,oscar.martinez@example.com,Social Media,,shernandez@example.net
TICK-1ec3003b-2a40-4cd3-924f-83d6eec074bb,Unleash killer bandwidth,Six sure let more some. Agency several instead operation wear many. Age meet now impact short language worry we. Any some natural thousand responsibility picture foreign.,Waiting on contact,Onboarding Pipeline,Low,2025-03-26,2025-04-23,,kevin.malone@example.com,Social Media,giles.com,romantroy@example.com
TICK-61973cd8-7bc5-4dec-939b-b776bdffc4dd,Re-contextualize intuitive content,Positive world young travel home. Ago item area.,Waiting on contact,Onboarding Pipeline,Low,2025-02-06,2025-02-22,,oscar.martinez@example.com,Phone,,mcgratheric@example.net
TICK-efd8e87a-9070-4a05-926e-3d1ba1261e9c,Productize user-centric partnerships,Card arm blue capital. Answer state college should child. Very agreement meeting by lawyer Republican.,New,Support Pipeline,Low,2024-03-03,2024-10-31,,kevin.malone@example.com,Chat,osborn.com,kylegonzalez@example.net
TICK-b20cb41a-b966-43d1-9602-f88ef895a097,Streamline viral networks,Sort project find bill. Nothing make important. Traditional wide store politics begin.,Waiting on contact,Onboarding Pipeline,High,2025-01-22,2025-04-08,,oscar.martinez@example.com,Social Media,atkins.biz,briandaniel@example.com
TICK-e60231c5-9a7e-46ef-b310-181ff92512d0,Transform cutting-edge portals,He could theory recently I collection girl. Pass impact claim.,New,Support Pipeline,High,2025-04-02,2025-04-22,,kevin.malone@example.com,Phone,davis.net,jameshill@example.com
TICK-316fdc47-9e81-4bd6-95ca-8ec1fec0f7d0,Extend value-added infrastructures,Suggest Republican huge employee. Public attack their main building. Three line say price soldier reality organization.,Closed,Onboarding Pipeline,Urgent,2024-11-19,2025-03-28,2025-04-08,oscar.martinez@example.com,Form,rodriguez-rodriguez.com,yolanda80@example.org
TICK-b9a75675-0834-43f9-9290-a697bcf8f581,Engage bleeding-edge bandwidth,Central husband police even get.,Closed,Onboarding Pipeline,Low,2023-06-12,2023-12-19,2025-04-26,kevin.malone@example.com,Social Media,garcia.org,brittany25@example.org
TICK-27d35397-16e6-436e-898a-5ef82a293555,Scale distributed methodologies,Begin level the any floor possible prevent. Nature vote of. Either happy save word. Anyone any democratic.,Waiting on contact,Support Pipeline,Low,2024-11-14,2025-02-25,,oscar.martinez@example.com,Form,robles-ware.info,lmcbride@example.net
TICK-a29758e5-3b68-4a99-a488-5ef4a8c3096d,Engage virtual relationships,Fact floor evening book. Should per how list.,Waiting on contact,Onboarding Pipeline,High,2024-04-16,2025-03-09,,kevin.malone@example.com,Social Media,english.com,jessicareyes@example.org
TICK-641cd06b-3b65-485d-b566-97a2d1ba4d5a,Implement impactful e-business,Owner authority hot give day only adult. As piece leader mouth in meet star.,Waiting on us,Onboarding Pipeline,Medium,2024-09-14,2025-03-16,,oscar.martinez@example.com,Form,johnson-simmons.com,gnelson@example.com
TICK-ca658ac9-68c4-4e36-a42d-502093408968,Envisioneer integrated action-items,Than fill the child west activity. Drop agent house traditional. Late expect recently catch draw serve.,Waiting on contact,Onboarding Pipeline,Urgent,2024-12-31,2025-02-14,,kevin.malone@example.com,Form,smith-robinson.com,megangarza@example.net
TICK-29cccc23-0895-4f87-b1d5-b0a9fbdd2a88,Generate global infrastructures,Case always full pressure voice personal miss throughout. Trip hospital prevent ten area sea suffer or.,Waiting on contact,Support Pipeline,Low,2025-02-01,2025-03-20,,oscar.martinez@example.com,Email,robinson.com,xkelly@example.com
TICK-c2f99148-9317-4806-9255-763e82335449,Unleash dynamic models,Also approach school. Card capital various threat past once tonight exactly. Institution specific girl so. Song where suggest save single test.,Waiting on us,Support Pipeline,Urgent,2024-01-14,2024-05-01,,kevin.malone@example.com,Chat,,nicolas52@example.com
TICK-ef069699-079c-4929-ad03-3918c00224fe,Integrate distributed systems,System away she statement expect lead artist. Pull Republican stop whom common walk owner.,Closed,Onboarding Pipeline,High,2024-03-19,2024-05-25,2024-06-29,oscar.martinez@example.com,Social Media,koch.com,douglasmichael@example.net
TICK-319c0a43-8d17-44a7-b75d-37bce9996d65,Synergize rich infrastructures,Service support that large.,Waiting on contact,Onboarding Pipeline,Low,2023-08-30,2024-06-16,,kevin.malone@example.com,Chat,,dawn19@example.org
TICK-6a846bee-25db-46a5-b698-3ec3a64e7fdb,Enhance b2b schemas,Smile again instead his daughter. Increase deal teacher against race. West senior such scientist near.,Closed,Onboarding Pipeline,Medium,2025-01-15,2025-03-29,2025-04-19,oscar.martinez@example.com,Phone,waters.com,amanda52@example.org
TICK-38853368-6b64-40d8-a8d8-286b9eb040ae,Cultivate distributed e-tailers,Level attorney much start your. Gun source campaign home care ground. Again matter have quickly perform responsibility.,New,Support Pipeline,Low,2024-04-29,2025-04-21,,kevin.malone@example.com,Form,,ckeller@example.org
TICK-a4750088-9e06-42cc-b75d-f16a2a037123,Innovate robust paradigms,Away choice could bank body morning turn cost. Next fish side.,Waiting on contact,Support Pipeline,Medium,2025-02-08,2025-03-01,,oscar.martinez@example.com,Chat,,smithkaitlyn@example.org
TICK-36a19998-090d-4d8c-aac1-0ec9a86641e7,Facilitate ubiquitous metrics,The believe mission good. Indeed beat natural size lawyer good success moment. Issue argue quickly raise for reality.,Waiting on contact,Onboarding Pipeline,Low,2025-04-20,2025-04-24,,kevin.malone@example.com,Chat,barnes.com,kimberly08@example.com
TICK-16eac2ef-2a69-4770-b62f-0998d325a6fc,Synthesize viral relationships,Answer debate player boy end lawyer note. Bank soldier son treatment election could language.,Waiting on us,Support Pipeline,High,2023-09-27,2023-12-04,,oscar.martinez@example.com,Phone,,njohnson@example.com
TICK-fe060e01-868e-4a85-b356-055e69384a61,Empower e-business solutions,Nature by admit yourself instead crime him. Necessary us around able.,Waiting on us,Onboarding Pipeline,Low,2025-04-26,2025-04-29,,kevin.malone@example.com,Phone,harris.com,anthonyedwards@example.net
TICK-1b59057f-e811-43a2-a90c-515f6ed32dd4,Empower open-source niches,Rise drug population writer admit discussion message. Forward alone right common seem mission.,New,Onboarding Pipeline,High,2024-08-18,2025-01-25,,oscar.martinez@example.com,Chat,malone.info,charleshoward@example.org
TICK-71b32115-5f43-474b-b5d5-6fbe1581d467,Grow next-generation e-business,Along toward accept group community field trip see. Nor information task thousand doctor fire former.,Closed,Support Pipeline,High,2024-10-15,2024-11-07,2025-01-17,kevin.malone@example.com,Chat,,smithkaitlyn@example.org
TICK-0db693f9-5931-47a0-b400-a7e5dfcf1dc5,Deploy enterprise content,Ask important ahead continue condition. Every least test opportunity sense side.,Waiting on us,Onboarding Pipeline,High,2025-01-12,2025-02-11,,oscar.martinez@example.com,Social Media,henderson-leach.com,edwardsdarrell@example.com
TICK-66cd1b7c-d460-4100-889a-20f2fab0434b,Incubate dot-com communities,Leader language whose. Rather believe any interest. Century turn reduce view event follow.,Waiting on us,Support Pipeline,High,2024-03-12,2024-06-16,,kevin.malone@example.com,Social Media,garrison-medina.com,john79@example.net
TICK-5715cb36-d953-441b-b277-b8f2f47e452a,Disintermediate turn-key mindshare,Know this sing pay buy. Bit point job these. Join pass would fish radio.,Waiting on us,Support Pipeline,Low,2024-07-21,2025-04-17,,oscar.martinez@example.com,Form,miranda-west.com,rmiller@example.org
TICK-30f1a5e1-556d-4c3c-8a31-ea02802553ac,Utilize interactive portals,Ok agency writer. Much most player. Appear yes understand operation place certain moment majority.,Closed,Onboarding Pipeline,Medium,2024-09-21,2025-04-11,2025-04-18,kevin.malone@example.com,Form,thomas.com,timothy34@example.org
TICK-75898e56-9d5f-4940-aeb6-3c34cef4ddb2,Transform robust e-services,Born form case thank now fall central ok. Reason conference call recently full team knowledge.,Closed,Support Pipeline,High,2024-12-26,2025-02-13,2025-04-27,oscar.martinez@example.com,Phone,mcpherson.com,simsjason@example.com
TICK-9d9e2f1b-2e22-4e10-b0da-22ffe8d4c306,Exploit open-source convergence,Agree increase Mr. Information save day process could provide.,Waiting on us,Onboarding Pipeline,High,2024-03-23,2024-07-31,,kevin.malone@example.com,Form,garcia.org,martinezjeffery@example.com
TICK-cebae83e-7257-43a3-aba8-bb7f3622d25a,Aggregate next-generation schemas,Everything hour number with low happy thus. Certainly Congress else eat sign.,New,Onboarding Pipeline,Urgent,2024-01-14,2024-09-01,,oscar.martinez@example.com,Chat,rasmussen.com,ericaguilar@example.com
TICK-2a6dbabb-71ec-479f-a87a-da3c19f8e3e0,Orchestrate strategic architectures,Service learn history will make ball. Enjoy note sea forward visit music. Where street land stop. Financial travel street.,Waiting on us,Support Pipeline,Medium,2023-08-05,2023-12-12,,kevin.malone@example.com,Email,sanders.com,carolynsmith@example.com
TICK-8a9ebb99-a177-4855-ba18-f2c46c4c0704,Benchmark b2b content,Pm nature news street.,Closed,Support Pipeline,Medium,2025-01-14,2025-02-27,2025-04-14,oscar.martinez@example.com,Phone,martinez.com,loribuckley@example.com
TICK-d22244f1-56bc-4ff7-9ad4-87f37dae18ed,Exploit back-end e-business,Inside game eat especially skin understand ability learn. Term expect approach.,New,Onboarding Pipeline,Medium,2024-06-11,2025-02-21,,kevin.malone@example.com,Social Media,galvan.org,smathews@example.com
TICK-78e93e44-3e44-4dd8-bd1f-8c653087f4b6,Unleash out-of-the-box vortals,Reveal to kind store site foreign. Everyone away minute he month. Price power instead media great item training.,Closed,Support Pipeline,Urgent,2023-06-18,2025-03-12,2025-03-17,oscar.martinez@example.com,Email,giles.com,romantroy@example.com
TICK-7f9a4248-05a9-4f89-92e0-496bfe0a11d7,Target viral experiences,Measure case player receive majority various star. Third we which need. Finally or worker interesting.,Waiting on us,Support Pipeline,Medium,2023-11-20,2025-05-01,,kevin.malone@example.com,Form,osborn.com,kylegonzalez@example.net
TICK-744ecf91-3e7e-43a1-a185-9f51d1244876,Architect end-to-end mindshare,Hold hold health lot star.,Waiting on contact,Support Pipeline,Urgent,2024-12-19,2025-01-06,,oscar.martinez@example.com,Phone,barker.com,julie70@example.org
TICK-01b4e558-dda2-48a0-88e9-6a8b2c07de5a,Incubate cross-platform e-tailers,Chair now newspaper. Reason program our stand. Government factor road benefit.,Closed,Support Pipeline,Low,2023-12-13,2025-04-15,2025-04-19,kevin.malone@example.com,Form,jarvis.com,william82@example.net
TICK-e550410c-4659-41dd-a7b4-b31ca84efa7d,Grow compelling paradigms,Food article ball sister weight another maybe. Degree car range age dark family.,Waiting on us,Support Pipeline,Urgent,2023-08-08,2023-10-30,,oscar.martinez@example.com,Social Media,rodriguez.biz,jamesmcgee@example.org
TICK-a597f946-185e-4ef8-9f88-0509200cfd5b,Syndicate visionary architectures,Top identify too authority truth. Federal test either issue talk and. Believe buy exactly partner low market middle.,New,Onboarding Pipeline,High,2024-09-25,2024-11-10,,kevin.malone@example.com,Chat,,brianbarry@example.com
TICK-f3976385-3758-47e8-80a8-0b79b0fc7680,Monetize collaborative applications,Street floor red budget alone everybody rock.,New,Support Pipeline,Medium,2024-09-11,2024-11-17,,oscar.martinez@example.com,Email,,mooredavid@example.org
TICK-4cb4d2ec-c24c-442b-8d3c-d57d354caa57,Re-intermediate cutting-edge applications,Develop moment whatever body later main key office. Account world spring would. Seat beyond blue since safe economy attack similar.,Waiting on us,Support Pipeline,Medium,2023-10-19,2024-05-19,,kevin.malone@example.com,Social Media,,mjackson@example.com
TICK-d9a5c1b5-c4b6-47a0-aa39-509bcfaa7ec5,Revolutionize cutting-edge platforms,Better our some administration west character. Chair consumer show authority.,New,Support Pipeline,Urgent,2023-07-25,2024-11-24,,oscar.martinez@example.com,Email,smith-robinson.com,melissahernandez@example.org
TICK-ce87d35e-a72a-453f-bdf0-25d9a03bebbd,Matrix rich deliverables,Thus same total score. Or game rock wonder all. Positive stock physical war heavy.,New,Support Pipeline,Medium,2023-12-06,2024-12-14,,kevin.malone@example.com,Form,reese.com,vgonzalez@example.org
TICK-3d71a56d-442d-4868-9ff6-faaa315926a7,Exploit ubiquitous e-tailers,Catch film travel parent. Rock a clear also alone movie. Require low nation detail star.,New,Onboarding Pipeline,Urgent,2023-11-05,2024-05-14,,oscar.martinez@example.com,Chat,,ryan50@example.net
TICK-5a913f47-8d0d-4c93-b5b2-627b09688b5f,Evolve turn-key bandwidth,Side bit enter. Money though particular whom lose reality support.,Waiting on us,Support Pipeline,Low,2024-03-04,2024-10-26,,kevin.malone@example.com,Social Media,lee-gray.com,carrie98@example.org
TICK-18a2b642-cec7-4bc9-95f9-48e2d5475fc3,Incentivize efficient bandwidth,Democrat level behavior question dinner stuff. Hair without total surface personal loss. Would different move popular join.,Waiting on us,Support Pipeline,Urgent,2024-03-13,2024-09-27,,oscar.martinez@example.com,Social Media,,alexandragarcia@example.net
TICK-653272db-aeee-4e9a-80f8-9ad72f410778,Aggregate cross-platform methodologies,Article investment compare task. Bit western however tough up crime.,Waiting on contact,Support Pipeline,High,2023-12-07,2024-05-25,,kevin.malone@example.com,Phone,howell.org,bassdavid@example.org
TICK-bb1c0eab-68a8-42a2-86e3-6935f61c7fd5,Expedite collaborative supply-chains,Success hospital imagine material. Peace coach get bad. Professional different may worry campaign feeling.,New,Support Pipeline,High,2024-12-20,2025-02-16,,oscar.martinez@example.com,Form,medina-fischer.info,patricia58@example.org
TICK-59bcea53-f248-4ad4-a75f-e7870cad5de6,Repurpose vertical solutions,Unit then magazine professor realize job several. Data age available along agent. Little shoulder spring share.,Closed,Support Pipeline,Urgent,2024-01-02,2024-03-20,2025-03-30,kevin.malone@example.com,Phone,thomas.com,alejandrohill@example.net
TICK-3ec5da4f-56f9-4c53-a195-a91f0a1f44ea,Empower dynamic portals,Cut find south test instead. Author once three often surface I. Personal American born easy director.,Waiting on us,Onboarding Pipeline,Low,2023-07-19,2023-09-09,,oscar.martinez@example.com,Email,,danielspatricia@example.org
TICK-08bd25f6-40ea-4853-b893-98b826ebeb1b,Aggregate web-enabled portals,Beat into collection.,New,Onboarding Pipeline,Low,2024-02-28,2024-06-12,,kevin.malone@example.com,Email,allen.com,vholden@example.com
TICK-e6ad0780-1c3c-4b39-aaa2-789d6e650a39,Deploy killer roi,Say none create true but. Nor through ok big summer scientist. Owner try history leg build win operation chair.,Closed,Onboarding Pipeline,Low,2023-10-05,2024-01-22,2024-05-26,oscar.martinez@example.com,Form,,jennifer33@example.org
TICK-bb1511e7-6c8e-4e3a-848e-d459376c3d58,Revolutionize killer e-tailers,Already interview south east authority buy college. Always organization good local believe wrong. Suddenly sound full paper thousand.,Waiting on us,Support Pipeline,High,2024-01-08,2024-07-21,,kevin.malone@example.com,Form,walker.com,stanleykyle@example.com
TICK-4c90320c-4372-4da0-817e-67b1f4d98f3a,Streamline strategic paradigms,Pull above prepare worry half likely natural fund. Adult race concern star relationship ago. Try thousand great together store black son. Activity moment live we despite leg need.,Waiting on us,Support Pipeline,Medium,2023-07-21,2024-07-26,,oscar.martinez@example.com,Social Media,lane.com,qwarner@example.com
TICK-8d1b88c5-7946-41e1-b2da-cfdf003bc482,Redefine compelling roi,Agency challenge family close. Cup spring maybe both election forward never. Blue no shoulder effort.,Waiting on us,Onboarding Pipeline,Urgent,2024-11-19,2024-12-20,,kevin.malone@example.com,Form,,davistimothy@example.com
TICK-3932a3b2-e990-4aa6-8143-6ba001b464cc,Evolve collaborative metrics,Miss civil myself again of. Federal against maintain six front environmental someone. American card chair physical stage car.,Waiting on contact,Onboarding Pipeline,High,2025-04-27,2025-04-28,,oscar.martinez@example.com,Email,watkins-miller.biz,karahamilton@example.com
TICK-5b4ab383-ddad-45de-91be-1024fcad247c,Engage wireless markets,Arm another send hot. Center attorney really consider well create country.,New,Onboarding Pipeline,Urgent,2024-04-06,2024-04-18,,kevin.malone@example.com,Chat,,michaelterrell@example.com
TICK-eb020088-5236-41ea-b965-152f1a2f43f3,Repurpose one-to-one supply-chains,Rule term local once weight leader service ability.,Closed,Support Pipeline,Low,2024-01-31,2024-07-28,2024-11-28,oscar.martinez@example.com,Form,carter.com,jesusgibson@example.com
TICK-ebf36304-a3a5-497f-bd9f-3b2dd6779b00,E-enable global models,Interesting truth I. Apply lose animal beyond and common black. Safe should employee current before increase.,Waiting on contact,Onboarding Pipeline,Medium,2023-09-20,2024-10-28,,kevin.malone@example.com,Form,jenkins-mccoy.com,blake98@example.net
TICK-1ce481e4-589e-4096-a7ac-c8e8f1cd88b4,Reinvent end-to-end solutions,Evening kind recent born both fish better. How writer that foot. Cost left share read see.,Waiting on us,Support Pipeline,High,2023-09-28,2023-11-02,,oscar.martinez@example.com,Phone,daniels.info,michaelstark@example.net
TICK-210abeb4-03e1-4428-872d-b7683ed85734,Implement sticky architectures,Senior page religious cell. Capital PM measure control modern.,New,Support Pipeline,Medium,2023-11-29,2024-10-23,,kevin.malone@example.com,Social Media,gaines.com,moorerichard@example.net
TICK-c6e665ee-1df1-49c2-9032-be8d65b3d27c,Deliver web-enabled experiences,Weight sense economic either air exist key bill. Deep speech military tell fund possible.,Waiting on us,Onboarding Pipeline,Medium,2024-04-11,2024-09-22,,oscar.martinez@example.com,Chat,thomas.com,timothy34@example.org
TICK-866e51bc-8254-4461-956a-2185e764ee68,Evolve efficient networks,Want seek will field move. Similar machine help spend miss better relate bag. Treat but action student human paper.,Waiting on us,Onboarding Pipeline,Urgent,2024-03-12,2025-04-16,,kevin.malone@example.com,Chat,johnson-simmons.com,tmcgee@example.com
TICK-dc0b8d40-511e-495d-a774-fb34f0748439,Benchmark b2b synergies,Federal seven buy fund available ability movie attention. Myself could vote many list.,Closed,Onboarding Pipeline,High,2023-10-12,2024-07-08,2024-09-14,oscar.martinez@example.com,Form,,natashakidd@example.org
TICK-6d3bf8d2-460e-4721-b1e5-a1cd6a71e1d1,Optimize front-end portals,Someone tax lot. Would sea soon matter century half.,New,Onboarding Pipeline,High,2024-05-08,2024-10-05,,kevin.malone@example.com,Social Media,waters.com,amanda52@example.org
TICK-75cb4adb-5f78-490a-9f0e-44a692eb5311,Scale collaborative technologies,Prepare evidence PM statement here third. Pass must soldier message sea.,Waiting on us,Onboarding Pipeline,Low,2024-12-03,2025-04-28,,oscar.martinez@example.com,Social Media,,alexanderjohn@example.net
TICK-6bbe46bd-51a5-44b3-af0b-dd0269c518af,Repurpose out-of-the-box action-items,Themselves phone necessary enough risk.,Waiting on us,Onboarding Pipeline,High,2024-04-03,2025-03-04,,kevin.malone@example.com,Form,watkins-miller.biz,leblancnicholas@example.org
TICK-5a0964b3-cff6-495e-a264-752e63954bda,Enhance turn-key e-tailers,Official system conference strong price. Style require effort performance name determine. Affect series oil result brother reduce remain sound.,Closed,Onboarding Pipeline,Medium,2023-09-09,2025-02-21,2025-03-01,oscar.martinez@example.com,Social Media,chen-ramirez.com,riossamantha@example.org
TICK-063dbd10-b9d4-4849-8840-88d4db8d2506,Syndicate customized users,Wall near fast development part girl rest. Half old method include door long language. Challenge life gas.,Closed,Support Pipeline,Medium,2024-05-05,2024-11-25,2025-02-16,kevin.malone@example.com,Chat,lucas-welch.com,barnescarla@example.org
TICK-47862ae0-5916-4728-bc65-b7e3e35a0390,Orchestrate b2b schemas,Even control difficult stand yard. Social drop open.,Waiting on contact,Support Pipeline,Low,2023-09-14,2024-01-08,,oscar.martinez@example.com,Form,franklin.com,bradley56@example.org
TICK-e4dea743-656c-4d57-b086-b4c91c56e9ce,Re-intermediate intuitive infrastructures,Threat type cell. Relationship general east major size.,New,Onboarding Pipeline,Medium,2024-06-05,2024-10-25,,kevin.malone@example.com,Form,simmons-cook.com,jesuslewis@example.org
TICK-38008c17-43e5-4585-a6d7-844ab7f49320,Re-intermediate 24/7 convergence,Outside technology say. Stop science when inside prepare. Part garden strong analysis attorney before or. Watch fire eight college perhaps apply.,New,Support Pipeline,Low,2025-02-28,2025-03-21,,oscar.martinez@example.com,Phone,waters.com,heathchad@example.org
TICK-8f8d549c-8032-4ba9-aaea-59c7e7498b1f,Deliver e-business e-commerce,Level whose both they.,Closed,Support Pipeline,Low,2024-04-28,2024-07-22,2024-11-26,kevin.malone@example.com,Chat,hudson-ward.biz,bankssean@example.net
TICK-bbbb42d9-37f7-47ae-83d1-6dd97e29e030,Streamline out-of-the-box technologies,Recognize region end line dark our. State human expert list ask never contain. Analysis measure second.,Closed,Onboarding Pipeline,Low,2024-07-02,2024-11-26,2024-12-25,oscar.martinez@example.com,Phone,osborn.com,kylegonzalez@example.net
TICK-db5c4f6d-9570-4214-b07d-c90161c26a76,Whiteboard bricks-and-clicks info-mediaries,Rather information hear man amount stop. Treat season themselves indicate adult less woman.,Waiting on us,Support Pipeline,Urgent,2024-07-25,2025-01-31,,kevin.malone@example.com,Form,martinez-baker.net,chooper@example.org
TICK-daad31fc-44b4-42d7-8144-dd3a109213f9,Integrate revolutionary e-commerce,Lead week half rich in. Positive its apply mention parent audience may.,Closed,Support Pipeline,High,2024-04-26,2024-12-01,2025-04-27,oscar.martinez@example.com,Form,archer.com,howard76@example.com
TICK-4dfd43ec-b95b-4b77-8bc5-26bfbef60543,Embrace robust schemas,Try card police wife probably. Trade service eye Mr soldier president. Go personal pressure fight finally. Agree meet success sing hotel learn together capital.,Waiting on contact,Support Pipeline,Low,2025-02-21,2025-04-21,,kevin.malone@example.com,Social Media,medina-fischer.info,calebcarroll@example.org
TICK-3ed748c9-9ebf-409e-a8e4-bedadb18413a,Target leading-edge e-markets,Road least agency. While dark end would.,Closed,Onboarding Pipeline,Urgent,2023-12-20,2024-04-25,2024-10-02,oscar.martinez@example.com,Phone,warren-wright.net,roserachel@example.net
TICK-e63a9115-c390-445b-94d3-a2538dd8e101,Engineer robust applications,Congress bring call bag kind down standard marriage. Too kid seek skill care main. Green us hour. Herself ready feeling state stock.,Waiting on us,Onboarding Pipeline,Low,2023-07-23,2024-12-18,,kevin.malone@example.com,Email,palmer.com,ellen39@example.org
TICK-3d7e181f-19e4-4d7e-8b23-e7e939a26efa,Generate dot-com niches,Catch security time watch. Several respond scientist those bag.,Waiting on us,Support Pipeline,Medium,2024-07-05,2024-11-22,,oscar.martinez@example.com,Social Media,tucker-rich.com,calebbrowning@example.net
TICK-6578d0ab-2751-4bf6-b449-db1913b2095b,Reinvent front-end info-mediaries,Power Congress born perhaps describe.,New,Onboarding Pipeline,Medium,2023-09-20,2024-10-09,,kevin.malone@example.com,Social Media,,hmckinney@example.com
TICK-5e3948bd-44e1-4f04-90b1-89ebc2a98e58,Seize compelling action-items,Economic beat relate region girl arm. Result animal style professor another entire.,Waiting on us,Support Pipeline,Low,2024-10-24,2024-12-28,,oscar.martinez@example.com,Chat,morris-thompson.com,mmiller@example.org
TICK-760c4a87-a62a-4f13-9bc4-4e1025ca8988,Target magnetic web-readiness,Small rather page hand system. Although ahead quite four growth.,New,Support Pipeline,High,2023-11-15,2023-11-27,,kevin.malone@example.com,Email,,michael58@example.org
TICK-bf82087d-7660-4926-bc5a-f451874a1ecc,Incentivize virtual web-readiness,She loss my turn civil might. Wall teach great war floor she.,New,Onboarding Pipeline,Urgent,2024-05-14,2024-08-26,,oscar.martinez@example.com,Form,brown.com,brian67@example.net
TICK-e179afad-d612-4fd6-9c79-cc1c16ffddc7,Matrix granular initiatives,Whose morning nor choice country statement. Forget likely this news everybody.,Waiting on us,Support Pipeline,High,2024-12-20,2025-02-27,,kevin.malone@example.com,Form,,cody53@example.com
